TIMESTAMP,NEE_VUT_REF,Fpar_500m,Lai_500m,Gpp_500m,ET_500m,LE_500m,PET_500m,PLE_500m,LST_Day_1km,LST_Night_1km,LSTE_Day_1KM,LSTE_Night_1KM,sur_refl_b01,sur_refl_b02,sur_refl_b03,sur_refl_b04,sur_refl_b05,sur_refl_b06,sur_refl_b07,Minimum_temperature_BOM,Maximum_temperature_BOM,Rainfall_BOM,target_class,year,month,day_of_year,week_of_year
2001-01-01,-2.29375,0.81,4.0,0.0683,32.300000000000004,9860000.0,63.6,19430000.0,22.83000000000004,13.390000000000043,24.870000000000005,13.550000000000011,39.7,223.7,15.4,32.800000000000004,250.7,141.70000000000002,57.0,10.8,28.4,0.0,S,2001,1,1,1
2001-01-09,-2.11378,0.85,4.9,0.0619,37.0,11280000.0,68.10000000000001,20760000.0,23.53000000000003,14.590000000000032,20.55000000000001,14.150000000000034,35.300000000000004,201.3,11.9,28.3,232.3,136.9,56.900000000000006,6.1,28.9,0.0,S,2001,1,9,2
2001-01-17,-1.76717,0.87,4.6000000000000005,0.0513,28.1,8560000.0,62.400000000000006,19000000.0,23.250000000000057,12.83000000000004,26.69000000000005,12.630000000000052,38.5,232.8,14.2,32.300000000000004,245.1,134.1,53.2,12.4,29.8,0.0,S,2001,1,17,3
2001-01-25,-2.29375,0.92,6.0,0.0694,34.300000000000004,10470000.0,63.1,19270000.0,21.250000000000057,13.110000000000014,21.390000000000043,12.450000000000044,20.3,197.4,6.4,19.3,191.3,88.5,29.8,20.5,32.1,3.0,S,2001,1,25,4
2001-02-02,-2.11378,0.8,3.9,0.0626,28.700000000000003,8760000.0,55.1,16790000.0,22.63000000000005,14.690000000000056,24.83000000000004,13.990000000000007,34.7,235.4,8.200000000000001,29.1,245.6,137.20000000000002,67.9,10.2,31.1,0.0,S,2001,2,33,5
2001-02-10,-1.76717,0.88,4.9,0.0749,33.4,10220000.0,54.3,16590000.0,18.77000000000004,12.410000000000023,17.250000000000057,11.890000000000043,32.0,267.3,10.9,32.5,257.7,123.1,44.8,19.5,29.0,3.8,S,2001,2,41,6
2001-02-18,-2.29375,0.88,5.0,0.0623,34.300000000000004,10460000.0,57.6,17580000.0,20.970000000000027,12.870000000000005,23.110000000000014,12.310000000000002,32.1,260.1,11.3,30.0,255.8,127.8,47.900000000000006,9.4,29.4,0.0,S,2001,2,49,7
2001-02-26,0.722991,0.88,5.0,0.0716,34.0,10380000.0,54.8,16740000.0,20.390000000000043,13.130000000000052,20.69000000000005,12.690000000000056,29.9,217.1,9.5,25.0,212.2,101.2,39.3,10.7,30.2,0.2,NS,2001,2,57,9
2001-03-06,-2.62886,0.88,5.300000000000001,0.0769,31.200000000000003,9550000.0,46.400000000000006,14210000.0,18.19000000000005,11.170000000000016,18.73000000000001,10.490000000000007,32.5,228.5,11.7,27.3,236.4,125.3,50.400000000000006,13.4,27.8,0.0,S,2001,3,65,10
2001-03-14,-3.22648,0.74,2.6,0.0607,17.0,5230000.0,40.400000000000006,12410000.0,17.29000000000002,10.170000000000016,16.610000000000014,9.130000000000052,30.3,189.5,10.1,26.0,183.8,94.2,45.900000000000006,4.6,24.8,0.0,S,2001,3,73,11
2001-03-22,0.610026,0.84,3.8,0.0659,18.8,5800000.0,33.9,10430000.0,13.730000000000018,6.390000000000043,13.550000000000011,5.310000000000002,17.0,242.6,3.1,17.900000000000002,214.4,83.4,25.6,6.7,12.2,11.4,NS,2001,3,81,12
2001-03-30,-3.11846,0.88,5.0,0.0662,25.0,7680000.0,39.0,11970000.0,16.910000000000025,9.050000000000011,17.150000000000034,8.53000000000003,31.0,216.5,11.9,27.6,213.1,108.6,44.3,3.5,23.0,0.0,S,2001,3,89,13
2001-04-07,-1.74116,0.89,5.4,0.0567,19.6,6030000.0,29.8,9170000.0,11.910000000000023,4.270000000000039,12.090000000000032,3.930000000000007,27.5,217.1,9.1,23.9,217.8,107.6,40.2,5.0,23.4,0.0,NS,2001,4,97,14
2001-04-15,-3.39855,0.9,6.9,0.0471,20.9,6410000.0,25.6,7860000.0,16.79000000000002,8.670000000000016,18.21000000000004,8.330000000000041,26.8,206.7,9.0,23.3,201.0,100.7,34.6,3.5,22.2,0.0,S,2001,4,105,15
2001-04-23,0.967438,0.9,6.9,0.0466,16.6,5120000.0,19.700000000000003,6080000.0,11.910000000000023,6.2900000000000205,11.77000000000004,5.470000000000027,23.700000000000003,208.6,6.7,20.700000000000003,192.6,82.9,24.6,7.7,14.5,2.6,NS,2001,4,113,17
2001-05-01,0.489414,0.8,2.6,0.0388,9.6,2950000.0,16.900000000000002,5230000.0,8.890000000000043,4.130000000000052,9.890000000000043,3.630000000000052,18.4,241.9,5.300000000000001,19.200000000000003,215.4,89.7,26.3,8.1,18.6,0.0,NS,2001,5,121,18
2001-05-09,-0.420359,0.94,6.300000000000001,0.0382,11.3,3480000.0,17.900000000000002,5530000.0,10.110000000000014,4.050000000000011,10.250000000000057,3.3100000000000023,20.700000000000003,210.8,7.300000000000001,17.0,193.3,51.6,27.700000000000003,-0.2,18.1,0.0,NS,2001,5,129,19
2001-05-17,1.76585,0.92,6.1000000000000005,0.0268,9.9,3080000.0,13.0,4040000.0,7.670000000000016,2.430000000000007,8.450000000000045,1.990000000000009,21.0,183.6,6.0,18.0,170.60000000000002,73.8,22.3,7.3,11.5,2.8,NS,2001,5,137,20
2001-05-25,0.736682,0.9,6.9,0.0263,11.2,3460000.0,12.4,3850000.0,6.230000000000018,1.170000000000016,6.170000000000016,1.0500000000000114,20.6,197.6,6.0,17.400000000000002,171.10000000000002,68.3,15.3,-0.3,12.2,0.0,NS,2001,5,145,21
2001-06-02,-0.884817,0.9,6.9,0.0335,12.7,3930000.0,14.8,4560000.0,8.130000000000052,2.230000000000018,10.490000000000007,2.6900000000000546,19.700000000000003,336.70000000000005,1.9,21.8,268.6,96.7,23.3,-0.6,13.4,0.0,NS,2001,6,153,22
2001-06-10,-1.43529,0.34,0.8,0.0185,8.200000000000001,2560000.0,10.1,3120000.0,0.0,3.3500000000000227,0.0,2.8100000000000023,136.3,351.8,117.5,135.70000000000002,309.8,195.1,143.20000000000002,6.5,12.9,6.0,NS,2001,6,161,23
2001-07-04,-0.556665,0.8300000000000001,2.9000000000000004,0.0186,5.800000000000001,1800000.0,8.8,2740000.0,5.670000000000016,2.3700000000000045,5.590000000000032,2.07000000000005,19.0,230.5,4.9,18.3,199.3,79.2,21.1,-4.6,13.3,0.0,NS,2001,7,185,27
2001-07-12,1.03137,0.92,6.0,0.016,5.7,1780000.0,7.7,2390000.0,4.7900000000000205,2.390000000000043,5.590000000000032,1.9700000000000275,16.5,252.2,0.4,19.0,214.7,69.5,22.5,3.2,10.6,6.6,NS,2001,7,193,28
2001-07-20,-2.46561,0.93,6.2,0.0254,7.800000000000001,2420000.0,12.3,3810000.0,6.010000000000048,1.170000000000016,5.8700000000000045,0.8500000000000227,19.700000000000003,183.6,3.6,16.6,184.8,72.0,27.6,-2.6,13.1,0.0,S,2001,7,201,29
2001-07-28,-5.77274,0.88,4.800000000000001,0.0304,9.6,2980000.0,14.5,4490000.0,6.2900000000000205,1.1900000000000546,6.630000000000052,0.6300000000000523,22.5,191.9,7.0,20.4,191.3,84.0,30.8,0.4,14.0,0.0,S,2001,7,209,30
2001-08-05,-1.35711,0.87,5.6000000000000005,0.0283,9.8,3030000.0,14.4,4460000.0,7.550000000000011,1.9300000000000068,8.490000000000009,1.6300000000000523,20.5,221.7,5.2,19.9,211.9,82.9,28.4,2.4,10.6,4.6,NS,2001,8,217,31
2001-08-13,-1.06004,0.86,5.1000000000000005,0.0278,10.4,3220000.0,15.4,4770000.0,10.090000000000032,3.770000000000039,10.07000000000005,3.430000000000007,25.700000000000003,207.3,8.1,22.9,185.0,93.8,33.0,4.0,17.1,0.0,NS,2001,8,225,33
2001-08-21,-5.71364,0.88,5.1000000000000005,0.0242,9.5,2950000.0,14.5,4510000.0,4.7900000000000205,-0.7899999999999636,5.3700000000000045,0.0,194.4,389.1,170.4,195.1,197.0,55.2,19.9,1.9,5.7,16.0,S,2001,8,233,34
2001-08-29,-3.67121,0.87,4.7,0.0375,12.4,3840000.0,20.4,6310000.0,5.270000000000039,0.6900000000000546,4.910000000000025,-0.169999999999959,105.2,288.6,86.2,106.3,147.6,52.5,14.0,-0.4,15.4,0.6,S,2001,8,241,35
2001-09-06,-4.4466,0.8,3.2,0.0444,13.4,4150000.0,23.4,7220000.0,9.950000000000044,3.470000000000028,11.210000000000036,3.510000000000048,26.3,211.6,9.0,24.9,216.1,95.4,39.0,0.0,14.2,0.0,S,2001,9,249,36
2001-09-14,-1.93076,0.84,3.8,0.0701,19.6,6060000.0,35.0,10780000.0,12.77000000000004,5.590000000000032,13.690000000000056,5.390000000000043,31.700000000000003,201.9,12.2,27.9,224.2,119.8,52.0,6.2,13.7,0.0,S,2001,9,257,37
2001-09-22,2.25846,0.8300000000000001,3.8,0.0665,19.6,6030000.0,36.5,11260000.0,13.350000000000025,5.410000000000025,13.630000000000052,4.650000000000034,30.1,200.8,11.4,26.3,211.6,109.0,41.8,7.3,24.0,0.2,NS,2001,9,265,38
2001-09-30,1.53468,0.12,0.3,0.0534,16.6,5140000.0,32.800000000000004,10130000.0,13.950000000000044,4.190000000000055,0.0,0.0,228.6,364.7000000000001,220.6,232.1,366.4,275.3,206.6,3.2,24.8,0.0,NS,2001,9,273,39
2001-10-08,-2.92213,0.71,2.9000000000000004,0.0477,14.7,4530000.0,32.2,9950000.0,9.610000000000014,2.750000000000057,12.670000000000016,2.510000000000048,21.5,185.0,5.1000000000000005,18.5,199.3,89.80000000000001,34.9,1.6,16.2,2.8,S,2001,10,281,41
2001-10-16,-0.835581,0.81,4.0,0.0655,20.6,6360000.0,40.900000000000006,12610000.0,13.910000000000023,2.450000000000045,14.010000000000048,2.1300000000000523,34.0,225.5,10.1,30.3,251.7,134.1,60.1,5.4,16.9,0.0,NS,2001,10,289,42
2001-10-24,0.910506,0.84,4.7,0.0814,25.5,7860000.0,45.2,13960000.0,13.390000000000043,3.3700000000000045,14.710000000000036,4.490000000000009,36.4,220.5,14.5,32.300000000000004,236.6,135.5,57.900000000000006,12.2,20.3,23.0,NS,2001,10,297,43
2001-11-01,-1.1613,0.79,3.7,0.075,23.6,7250000.0,44.1,13580000.0,18.15000000000004,7.330000000000041,17.850000000000023,6.850000000000023,41.7,214.7,12.6,32.800000000000004,248.1,157.3,73.4,2.9,18.1,0.0,NS,2001,11,305,44
2001-11-09,-0.346301,0.85,4.800000000000001,0.0847,27.3,8420000.0,48.900000000000006,15070000.0,12.490000000000007,4.970000000000027,17.930000000000007,4.490000000000009,47.1,185.4,28.3,42.900000000000006,221.1,141.5,76.4,8.9,19.0,0.0,NS,2001,11,313,45
2001-11-17,-2.51923,0.87,5.2,0.0908,31.8,9780000.0,53.2,16380000.0,15.970000000000027,9.430000000000009,15.970000000000027,9.170000000000016,17.2,184.2,5.5,16.2,182.3,85.4,27.700000000000003,9.1,26.1,0.0,S,2001,11,321,46
2001-11-25,-4.01851,0.86,5.0,0.0985,35.5,10890000.0,60.5,18570000.0,15.910000000000023,9.650000000000034,18.110000000000014,9.690000000000056,36.5,255.5,10.5,32.1,275.40000000000003,144.6,59.5,8.9,24.0,0.0,S,2001,11,329,47
2001-12-03,-0.291958,0.07,0.1,0.1044,34.4,10570000.0,58.900000000000006,18100000.0,13.010000000000048,12.090000000000032,0.0,10.510000000000048,35.5,285.1,11.6,33.9,289.40000000000003,148.1,56.8,14.4,28.9,0.4,NS,2001,12,337,49
2001-12-11,-4.01759,0.85,4.800000000000001,0.0982,37.9,11630000.0,68.5,21000000.0,18.930000000000007,10.090000000000032,19.27000000000004,9.230000000000018,38.6,193.5,17.400000000000002,33.0,228.5,150.0,68.7,9.3,20.1,0.0,S,2001,12,345,50
2001-12-19,-2.65257,0.87,5.4,0.0858,36.4,11180000.0,61.1,18740000.0,15.57000000000005,8.850000000000023,11.83000000000004,8.930000000000007,38.0,272.7,10.1,33.6,294.3,154.20000000000002,63.7,5.5,28.9,0.0,S,2001,12,353,51
2001-12-27,-1.36168,0.88,5.6000000000000005,0.0578,26.700000000000003,13100000.0,44.6,21860000.0,18.110000000000014,9.590000000000032,18.410000000000025,9.190000000000056,36.4,194.4,14.7,29.3,225.8,143.70000000000002,64.10000000000001,1.1,19.1,0.8,NS,2001,12,361,52
2002-01-01,-8.29488,0.88,5.6000000000000005,0.1038,41.1,12610000.0,68.2,20940000.0,19.750000000000057,8.350000000000023,22.15000000000004,7.230000000000018,39.1,226.3,15.2,34.800000000000004,246.6,146.20000000000002,63.400000000000006,10.0,20.0,0.0,S,2002,1,1,1
2002-01-09,-11.5997,0.87,4.7,0.0916,38.6,11820000.0,67.0,20520000.0,19.07000000000005,11.010000000000048,20.79000000000002,10.730000000000018,34.9,205.5,4.1000000000000005,24.8,241.6,144.5,64.7,4.4,28.1,0.0,S,2002,1,9,2
2002-01-17,-3.28295,0.87,5.300000000000001,0.074,37.7,11510000.0,62.1,18970000.0,21.470000000000027,13.130000000000052,21.23000000000001,13.010000000000048,24.4,183.2,8.9,20.6,195.8,101.6,36.7,8.4,27.9,0.0,S,2002,1,17,3
2002-01-25,1.1841,0.88,5.0,0.0741,38.5,11740000.0,60.8,18530000.0,23.27000000000004,14.03000000000003,23.19000000000005,14.33000000000004,39.5,225.5,16.1,32.6,249.4,143.8,59.7,12.0,30.1,5.4,NS,2002,1,25,4
2002-02-02,10.3347,0.87,4.6000000000000005,0.0765,27.200000000000003,8350000.0,43.8,13440000.0,20.110000000000014,9.550000000000011,0.0,8.950000000000045,36.6,275.90000000000003,11.5,31.9,272.0,137.70000000000002,52.7,13.4,31.5,0.0,NS,2002,2,33,5
2002-02-10,-2.44124,0.72,2.9000000000000004,0.0753,24.1,7390000.0,57.400000000000006,17570000.0,19.07000000000005,13.090000000000032,17.730000000000018,11.27000000000004,30.9,191.4,10.2,26.1,217.3,121.3,50.2,10.6,15.3,0.0,S,2002,2,41,6
2002-02-18,-3.25297,0.85,4.2,0.0839,30.4,9310000.0,52.6,16100000.0,19.010000000000048,11.590000000000032,18.53000000000003,11.450000000000044,26.700000000000003,178.4,10.2,24.3,201.0,104.1,42.400000000000006,16.3,27.7,0.0,S,2002,2,49,8
2002-02-26,2.91098,0.87,5.4,0.0857,29.9,9170000.0,52.3,16040000.0,17.33000000000004,10.370000000000005,17.590000000000032,9.410000000000023,23.9,183.3,8.8,20.8,205.2,102.2,37.7,10.5,26.2,4.0,NS,2002,2,57,9
2002-03-06,11.8883,0.87,4.6000000000000005,0.0776,30.1,9210000.0,50.0,15320000.0,18.450000000000045,10.930000000000009,18.63000000000005,10.350000000000025,32.6,205.8,11.9,26.9,210.1,117.7,44.900000000000006,11.4,27.7,0.0,NS,2002,3,65,10
2002-03-14,1.25258,0.78,3.1,0.0555,20.4,6240000.0,48.400000000000006,14830000.0,19.450000000000045,13.210000000000036,19.83000000000004,12.83000000000004,25.200000000000003,192.6,8.8,21.9,198.0,101.3,36.7,8.0,25.1,0.0,NS,2002,3,73,11
2002-03-22,-2.87289,0.34,0.8,0.0589,19.5,5980000.0,37.5,11510000.0,0.0,10.210000000000036,0.0,0.0,133.1,271.7,147.70000000000002,144.20000000000002,251.3,136.8,76.9,4.4,25.0,0.0,S,2002,3,81,12
2002-03-30,2.66776,0.8300000000000001,3.7,0.0645,19.700000000000003,6040000.0,35.0,10740000.0,14.310000000000002,8.250000000000057,16.450000000000045,7.850000000000023,29.0,228.2,9.6,26.1,226.6,107.7,40.7,10.4,21.3,0.0,NS,2002,3,89,13
2002-04-07,2.41275,0.91,6.0,0.0499,19.8,6070000.0,32.0,9820000.0,16.970000000000027,11.07000000000005,17.970000000000027,9.750000000000057,23.200000000000003,180.5,7.9,20.200000000000003,183.2,81.4,27.1,3.1,25.0,0.0,NS,2002,4,97,14
2002-04-15,-1.37711,0.88,5.6000000000000005,0.0513,18.5,5680000.0,24.8,7610000.0,14.870000000000005,9.03000000000003,15.210000000000036,8.610000000000014,23.4,180.7,7.800000000000001,20.700000000000003,194.9,93.5,34.300000000000004,11.5,20.0,8.8,NS,2002,4,105,16
2002-04-23,-7.80413,0.92,6.1000000000000005,0.0517,18.3,5650000.0,25.4,7830000.0,12.590000000000032,5.2900000000000205,12.990000000000007,4.770000000000039,24.9,192.5,8.1,20.700000000000003,200.6,93.1,35.9,7.1,23.0,0.0,S,2002,4,113,17
2002-05-01,-0.252797,0.9,6.5,0.0525,18.3,5630000.0,23.200000000000003,7140000.0,12.170000000000016,6.490000000000009,11.83000000000004,5.850000000000023,24.1,185.1,8.700000000000001,20.700000000000003,187.7,91.2,34.7,0.4,19.9,0.0,NS,2002,5,121,18
2002-05-09,-3.559,0.88,5.6000000000000005,0.0286,12.2,3780000.0,14.0,4340000.0,11.150000000000034,3.9700000000000273,11.430000000000009,4.110000000000014,19.3,214.6,3.2,18.7,215.9,89.5,28.9,4.4,19.3,0.0,S,2002,5,129,19
2002-05-17,0.965356,0.8,2.6,0.015,7.6,2370000.0,8.5,2640000.0,2.390000000000043,1.9500000000000453,2.250000000000057,1.5500000000000114,59.0,298.3,45.1,61.0,267.40000000000003,121.3,56.8,6.0,9.7,5.8,NS,2002,5,137,20
2002-05-25,0.303104,0.9,6.5,0.0294,10.9,3390000.0,13.9,4300000.0,6.330000000000041,1.0300000000000296,6.3700000000000045,0.8100000000000023,21.8,193.5,3.0,18.0,196.9,83.60000000000001,32.2,2.0,15.0,0.0,NS,2002,5,145,21
2002-06-02,-0.65871,0.89,5.7,0.0291,10.5,3240000.0,13.3,4100000.0,10.150000000000034,3.670000000000016,10.010000000000048,3.6100000000000136,21.0,206.2,5.7,19.0,201.1,90.2,26.4,-4.0,14.7,0.0,NS,2002,6,153,22
2002-06-10,-4.39106,0.09,0.2,0.0191,8.0,2480000.0,9.3,2890000.0,0.0,0.4500000000000455,0.0,0.7500000000000568,309.40000000000003,447.6,295.5,305.3,415.7000000000001,275.2,185.1,6.2,9.1,4.6,S,2002,6,161,24
2002-06-18,2.20644,0.87,4.1000000000000005,0.0187,6.300000000000001,1950000.0,8.9,2760000.0,5.610000000000014,0.8900000000000432,5.470000000000027,0.6500000000000341,18.8,245.4,0.8,18.7,222.4,76.2,25.1,0.9,12.0,0.0,NS,2002,6,169,25
2002-06-26,-0.456414,0.9,6.9,0.0161,8.0,2470000.0,10.5,3260000.0,3.1100000000000136,-0.589999999999975,4.090000000000032,-0.9699999999999704,21.5,254.7,4.0,22.200000000000003,214.8,83.9,21.0,-0.6,11.2,0.0,NS,2002,6,177,26
2002-07-04,-2.36975,0.86,4.0,0.0138,5.0,1550000.0,7.6,2360000.0,3.510000000000048,-1.2899999999999636,3.1300000000000523,-1.169999999999959,34.800000000000004,256.90000000000003,9.3,29.9,188.6,76.10000000000001,22.0,1.4,7.8,5.0,S,2002,7,185,27
2002-07-12,-2.38715,0.9,6.0,0.0261,9.7,3000000.0,12.8,3970000.0,5.650000000000034,1.2500000000000568,5.410000000000025,1.1300000000000523,28.0,270.8,6.5,25.1,241.3,91.9,30.5,-4.9,13.3,0.0,S,2002,7,193,28
2002-07-20,-1.41294,0.89,5.7,0.0296,10.3,3210000.0,15.4,4790000.0,4.670000000000016,0.2900000000000204,4.710000000000036,0.07000000000005,26.5,222.1,6.4,22.700000000000003,220.4,85.0,33.7,-1.6,12.3,0.0,NS,2002,7,201,29
2002-07-28,0.372514,0.9,6.9,0.0329,12.9,4000000.0,16.400000000000002,5070000.0,4.850000000000023,2.1300000000000523,4.03000000000003,2.3700000000000045,33.300000000000004,237.7,12.8,29.5,219.5,94.1,31.3,-2.0,17.5,0.0,NS,2002,7,209,30
2002-08-05,2.06534,0.87,5.4,0.0316,11.3,3490000.0,15.4,4760000.0,8.190000000000055,2.650000000000034,7.57000000000005,2.2900000000000205,25.6,180.3,6.2,18.9,196.7,88.30000000000001,33.2,0.8,12.9,0.0,NS,2002,8,217,32
2002-08-13,4.94452,0.87,4.2,0.0343,10.1,3150000.0,19.1,5910000.0,4.510000000000048,0.1900000000000545,5.390000000000043,0.4700000000000273,61.2,247.7,35.2,54.400000000000006,212.3,105.1,52.6,2.1,8.6,10.8,NS,2002,8,225,33
2002-08-21,-0.438746,0.73,2.0,0.0331,7.5,2310000.0,23.9,7410000.0,7.79000000000002,0.2100000000000363,8.150000000000034,0.1900000000000545,30.200000000000003,176.10000000000002,10.7,24.1,190.4,102.6,40.0,-2.0,13.5,0.0,NS,2002,8,233,34
2002-08-29,3.68914,0.71,2.4000000000000004,0.045,11.5,3570000.0,30.200000000000003,9350000.0,10.350000000000025,1.6900000000000546,10.53000000000003,2.730000000000018,27.200000000000003,184.4,6.9,21.3,208.5,105.5,45.400000000000006,5.1,14.1,3.2,NS,2002,8,241,35
2002-09-06,1.26965,0.78,3.1,0.0448,12.3,3810000.0,30.1,9310000.0,7.79000000000002,2.7700000000000387,8.150000000000034,2.1900000000000546,31.5,174.3,12.6,25.9,199.5,104.0,47.400000000000006,5.7,17.6,0.0,NS,2002,9,249,36
2002-09-14,-6.07462,0.81,3.5,0.0486,14.5,4470000.0,29.5,9110000.0,12.950000000000044,3.050000000000012,12.310000000000002,3.450000000000045,29.0,176.70000000000002,10.2,23.8,188.7,95.4,35.5,-1.7,20.4,0.0,S,2002,9,257,37
2002-09-22,-0.847401,0.73,2.6,0.0586,14.7,4530000.0,38.900000000000006,12020000.0,11.590000000000032,2.490000000000009,12.610000000000014,2.430000000000007,36.8,192.1,16.3,30.5,219.1,128.9,57.8,4.0,21.9,0.0,NS,2002,9,265,38
2002-09-30,0.755085,0.8200000000000001,3.6,0.0716,19.8,6120000.0,40.7,12560000.0,13.190000000000056,5.210000000000036,12.930000000000009,4.830000000000041,36.7,230.6,14.1,32.4,243.4,132.4,54.0,-1.2,15.3,0.0,NS,2002,9,273,40
2002-10-08,-1.37853,0.8300000000000001,3.8,0.0718,20.700000000000003,6380000.0,40.900000000000006,12630000.0,12.07000000000005,3.450000000000045,11.310000000000002,3.230000000000018,27.4,193.3,11.2,24.1,199.2,104.5,43.8,5.6,16.7,0.5,NS,2002,10,281,41
2002-10-16,-1.15273,0.63,2.2,0.0657,15.1,4650000.0,52.8,16280000.0,13.250000000000057,6.150000000000034,17.090000000000032,5.8700000000000045,36.2,171.5,14.8,29.200000000000003,202.8,131.4,59.400000000000006,5.8,24.0,0.0,NS,2002,10,289,42
2002-10-24,-2.06483,0.78,3.6,0.079,24.3,7480000.0,56.2,17310000.0,17.690000000000055,6.090000000000032,17.610000000000014,5.930000000000007,41.7,179.4,18.7,34.1,214.5,143.70000000000002,67.4,3.7,14.8,1.3,S,2002,10,297,43
2002-11-01,7.29126,0.71,2.9000000000000004,0.0697,21.4,6580000.0,61.0,18750000.0,19.63000000000005,6.670000000000016,20.27000000000004,6.230000000000018,45.5,194.9,20.5,36.6,228.2,156.60000000000002,76.10000000000001,1.7,25.8,0.0,NS,2002,11,305,44
2002-11-09,6.29539,0.79,3.8,0.0812,30.6,9380000.0,65.10000000000001,19930000.0,21.950000000000045,8.730000000000018,22.19000000000005,8.670000000000016,44.6,187.7,19.1,36.6,227.7,148.1,70.3,9.5,29.5,0.0,NS,2002,11,313,45
2002-11-17,-14.0562,0.84,4.4,0.0661,30.9,9440000.0,56.2,17160000.0,24.390000000000043,11.550000000000011,25.05000000000001,11.53000000000003,47.1,200.0,20.700000000000003,38.6,244.2,159.20000000000002,74.2,6.3,27.9,0.0,S,2002,11,321,46
2002-11-25,0.350274,0.85,4.800000000000001,0.0798,31.700000000000003,9720000.0,53.6,16420000.0,19.31,9.730000000000018,20.53000000000003,9.010000000000048,86.9,269.5,48.3,74.8,290.0,191.4,96.6,22.2,32.6,0.4,NS,2002,11,329,48
2002-12-03,-11.0963,0.8300000000000001,4.4,0.0796,27.9,8580000.0,51.6,15860000.0,17.83000000000004,5.390000000000043,18.73000000000001,5.690000000000055,34.1,169.4,14.8,27.6,204.6,123.6,56.3,14.2,31.6,0.0,S,2002,12,337,49
2002-12-11,-15.8554,0.8200000000000001,4.1000000000000005,0.0744,34.800000000000004,10640000.0,74.4,22750000.0,25.350000000000023,11.110000000000014,27.15000000000004,12.010000000000048,41.0,180.4,18.0,33.0,214.7,143.6,66.8,2.4,25.2,0.0,S,2002,12,345,50
2002-12-19,-3.91392,0.84,4.5,0.0674,35.1,10730000.0,71.0,21670000.0,22.590000000000032,12.930000000000009,23.81,11.970000000000027,33.0,179.60000000000002,11.5,27.5,206.3,123.5,53.6,11.6,32.4,4.2,S,2002,12,353,51
2002-12-27,-4.60314,0.85,4.9,0.0397,20.3,9940000.0,33.9,16570000.0,21.29000000000002,0.0,22.930000000000007,0.0,42.5,272.40000000000003,10.5,36.3,275.7,149.70000000000002,53.1,9.9,28.0,0.0,S,2002,12,361,52
2003-01-01,-0.947653,0.86,4.4,0.0872,36.9,11300000.0,69.8,21370000.0,20.83000000000004,12.27000000000004,21.930000000000007,11.050000000000011,29.5,197.9,14.7,27.3,196.2,98.9,42.8,14.1,20.8,11.4,NS,2003,1,1,1
2003-01-09,-5.48956,0.81,4.0,0.0742,33.7,10310000.0,60.1,18390000.0,20.390000000000043,11.310000000000002,20.090000000000032,11.450000000000044,35.7,210.0,11.7,29.3,226.9,139.4,62.2,5.6,25.0,0.4,S,2003,1,9,2
2003-01-17,0.816317,0.8300000000000001,4.3,0.0399,28.0,8520000.0,60.1,18290000.0,26.83000000000004,15.07000000000005,27.750000000000057,15.050000000000011,38.5,208.2,16.3,33.0,226.0,130.4,55.900000000000006,18.7,36.6,0.0,NS,2003,1,17,3
2003-01-25,-3.09795,0.85,4.800000000000001,0.0542,31.8,9710000.0,62.900000000000006,19180000.0,23.390000000000043,15.310000000000002,23.23000000000001,16.03000000000003,42.400000000000006,225.5,16.900000000000002,37.1,233.2,134.1,58.0,12.2,36.0,0.0,S,2003,1,25,4
2003-02-02,-2.49863,0.85,4.2,0.0608,33.4,10180000.0,65.8,20050000.0,24.010000000000048,13.930000000000009,24.450000000000045,13.53000000000003,37.3,195.9,12.7,29.200000000000003,218.1,125.4,56.7,13.4,30.6,0.0,S,2003,2,33,5
2003-02-10,0.17364,0.81,4.0,0.0509,27.9,8510000.0,58.8,17940000.0,22.850000000000023,14.890000000000043,23.23000000000001,14.810000000000002,44.3,221.3,19.3,37.0,233.9,133.1,55.2,18.1,31.9,0.0,NS,2003,2,41,7
2003-02-18,-3.50597,0.85,4.1000000000000005,0.0772,29.9,9140000.0,50.0,15310000.0,21.670000000000016,14.27000000000004,22.750000000000057,14.27000000000004,30.8,193.8,11.3,25.1,198.4,109.5,42.7,9.8,29.5,0.0,S,2003,2,49,8
2003-02-26,0.978331,0.88,5.1000000000000005,0.083,29.0,8900000.0,46.8,14370000.0,20.390000000000043,11.450000000000044,18.69000000000005,8.490000000000009,22.200000000000003,198.2,6.4,20.4,188.0,86.4,29.700000000000003,13.5,31.2,0.0,NS,2003,2,57,9
2003-03-06,0.320454,0.88,5.300000000000001,0.0796,29.700000000000003,9120000.0,44.1,13510000.0,19.590000000000032,10.210000000000036,19.71000000000004,9.510000000000048,41.1,297.3,12.0,38.900000000000006,271.7,131.3,46.3,8.3,27.1,0.0,NS,2003,3,65,10
2003-03-14,0.119497,0.84,4.0,0.0648,23.4,7180000.0,41.2,12630000.0,20.29000000000002,10.970000000000027,20.69000000000005,10.230000000000018,33.5,207.9,9.6,26.9,222.2,120.4,51.0,11.9,29.4,0.0,NS,2003,3,73,11
2003-03-22,-1.37596,0.85,4.2,0.0686,23.4,7180000.0,40.0,12270000.0,15.630000000000052,9.710000000000036,16.250000000000057,9.03000000000003,34.5,200.4,12.6,26.200000000000003,207.7,117.6,48.8,3.1,21.0,0.0,NS,2003,3,81,12
2003-03-30,0.788688,0.86,5.300000000000001,0.0573,17.3,5310000.0,32.2,9910000.0,13.190000000000056,5.890000000000043,13.77000000000004,5.850000000000023,24.3,186.7,6.1000000000000005,21.1,196.4,94.5,36.0,7.3,23.9,21.8,NS,2003,3,89,13
2003-04-07,-0.696996,0.77,2.9000000000000004,0.0482,13.3,4090000.0,27.1,8350000.0,11.930000000000009,7.150000000000034,12.470000000000027,7.190000000000055,31.9,183.5,12.0,26.700000000000003,197.1,105.6,44.900000000000006,0.6,23.0,0.0,NS,2003,4,97,15
2003-04-15,3.11967,0.87,3.5,0.0587,15.3,4710000.0,25.4,7830000.0,12.03000000000003,5.590000000000032,12.410000000000023,5.190000000000055,27.3,185.5,5.9,21.6,194.5,87.60000000000001,33.9,10.6,15.8,0.2,NS,2003,4,105,16
2003-04-23,0.415395,0.78,2.4000000000000004,0.0454,11.2,3440000.0,21.8,6700000.0,13.250000000000057,8.03000000000003,13.390000000000043,7.950000000000045,29.4,188.9,10.6,23.0,191.1,97.1,38.900000000000006,3.6,22.1,0.0,NS,2003,4,113,17
2003-05-01,-0.162242,0.8200000000000001,2.7,0.0429,10.8,3340000.0,22.1,6800000.0,11.050000000000011,5.430000000000007,11.190000000000056,5.090000000000032,28.200000000000003,191.3,8.6,22.6,193.0,96.2,34.800000000000004,4.0,18.9,0.0,NS,2003,5,121,18
2003-05-09,1.79785,0.77,2.3000000000000003,0.0356,8.4,2600000.0,16.2,5010000.0,9.510000000000048,4.4500000000000455,8.370000000000005,1.7500000000000568,125.2,348.5,74.5,113.1,303.6,206.5,140.6,7.4,18.2,0.6,NS,2003,5,129,19
2003-05-17,4.38059,0.85,3.3000000000000003,0.0251,7.0,2170000.0,11.5,3550000.0,0.0,7.090000000000032,0.0,0.0,671.9000000000001,725.1,631.4000000000001,654.6,653.9000000000001,484.8,285.2,7.5,20.5,0.0,NS,2003,5,137,20
2003-05-25,-6.9488,0.8200000000000001,2.8000000000000003,0.0316,7.5,2310000.0,13.4,4160000.0,8.510000000000048,2.730000000000018,8.430000000000007,2.3500000000000227,23.3,194.6,5.300000000000001,19.5,180.2,84.4,29.1,-0.4,15.6,0.0,S,2003,5,145,21
2003-06-02,-9.6339,0.88,5.6000000000000005,0.0226,6.6000000000000005,2060000.0,10.7,3310000.0,5.03000000000003,2.970000000000028,4.810000000000002,2.550000000000012,17.400000000000002,193.3,2.0,14.3,189.3,69.8,22.200000000000003,8.4,15.9,3.4,S,2003,6,153,23
2003-06-10,0.692397,0.85,4.9,0.0196,5.9,1820000.0,9.5,2950000.0,7.310000000000002,2.750000000000057,7.110000000000014,2.07000000000005,18.8,158.0,5.7,17.6,150.20000000000002,65.60000000000001,18.3,-1.6,14.3,0.0,NS,2003,6,161,24
2003-06-18,-6.08946,0.76,2.2,0.0194,5.0,1550000.0,9.3,2870000.0,7.710000000000036,2.950000000000045,7.79000000000002,2.490000000000009,128.6,340.3,112.1,129.70000000000002,156.8,43.5,8.1,-0.8,14.0,0.0,S,2003,6,169,25
2003-06-26,-5.15853,0.77,2.3000000000000003,0.016,5.1000000000000005,1590000.0,7.7,2380000.0,4.650000000000034,4.090000000000032,5.910000000000025,3.0300000000000296,34.5,198.1,10.5,29.3,154.8,60.0,18.8,-1.5,13.5,0.0,S,2003,6,177,26
2003-07-04,-0.605579,0.84,3.1,0.0239,7.300000000000001,2280000.0,11.3,3500000.0,4.8700000000000045,0.8100000000000023,5.2900000000000205,0.57000000000005,22.6,183.9,6.6000000000000005,18.2,186.6,73.7,24.0,-1.8,12.0,0.0,NS,2003,7,185,27
2003-07-12,-1.69168,0.85,4.800000000000001,0.0244,6.7,2060000.0,13.5,4190000.0,5.510000000000048,0.57000000000005,5.710000000000036,0.3300000000000409,23.5,158.70000000000002,9.1,20.1,157.60000000000002,76.60000000000001,23.3,6.9,9.0,24.2,NS,2003,7,193,28
2003-07-20,-9.08799,0.8,3.9,0.0165,5.6000000000000005,1740000.0,8.4,2590000.0,6.430000000000007,0.0,5.9500000000000455,0.0,27.3,180.6,9.1,22.5,180.0,92.0,32.2,-3.5,12.1,0.0,S,2003,7,201,29
2003-07-28,-3.78554,0.48,1.2000000000000002,0.0228,6.300000000000001,1950000.0,12.1,3750000.0,0.7300000000000182,0.0300000000000295,0.7500000000000568,1.3700000000000043,100.9,359.1,43.1,89.5,240.9,92.4,41.3,1.1,8.6,0.0,S,2003,7,209,31
2003-08-05,-3.48048,0.21,0.5,0.0229,6.800000000000001,2120000.0,12.4,3840000.0,1.7900000000000205,0.0,0.0,0.0,80.60000000000001,321.5,42.3,72.3,253.0,102.4,47.3,7.3,13.4,1.6,S,2003,8,217,32
2003-08-13,-2.99731,0.86,5.2,0.0235,6.300000000000001,1940000.0,14.7,4550000.0,4.150000000000034,-0.8499999999999659,4.310000000000002,-1.0699999999999932,27.8,168.5,10.3,23.200000000000003,180.9,95.6,35.7,7.2,14.1,18.0,S,2003,8,225,33
2003-08-21,-3.55923,0.02,0.1,0.0212,6.9,2150000.0,11.6,3590000.0,0.0,-0.3499999999999659,0.0,-0.3699999999999477,92.5,353.5,33.6,80.0,330.20000000000005,203.1,130.3,-3.3,11.6,0.0,S,2003,8,233,34
2003-08-29,-4.96497,0.8,2.5,0.0352,9.0,2790000.0,22.1,6850000.0,6.690000000000055,1.1300000000000523,5.690000000000055,1.5500000000000114,37.0,240.7,10.4,31.6,232.2,112.1,40.400000000000006,1.3,13.0,0.0,S,2003,8,241,35
2003-09-06,-7.59158,0.79,3.2,0.0367,12.0,3710000.0,22.200000000000003,6880000.0,10.410000000000023,1.830000000000041,10.29000000000002,1.6900000000000546,33.1,178.8,13.4,25.5,195.4,104.0,38.6,1.4,10.2,0.0,S,2003,9,249,36
2003-09-14,0.376873,0.87,4.9,0.0366,13.8,4270000.0,20.8,6430000.0,13.490000000000007,3.750000000000057,0.0,3.0300000000000296,36.7,253.3,8.1,31.700000000000003,266.90000000000003,116.3,45.3,3.4,7.4,4.0,NS,2003,9,257,37
2003-09-22,3.67613,0.86,5.2,0.0511,16.1,4980000.0,33.5,10350000.0,6.07000000000005,-0.8899999999999864,6.910000000000025,0.0,101.5,250.0,76.10000000000001,95.5,173.5,62.2,26.700000000000003,6.7,24.0,0.0,NS,2003,9,265,39
2003-09-30,-1.97144,0.68,2.2,0.0436,13.6,4220000.0,29.5,9140000.0,11.430000000000009,2.2900000000000205,11.230000000000018,1.0500000000000114,38.400000000000006,172.5,16.5,30.200000000000003,204.7,132.5,59.0,-3.0,15.5,0.0,S,2003,9,273,40
2003-10-08,-3.62056,0.78,3.1,0.0516,15.2,4690000.0,35.4,10950000.0,8.430000000000007,2.230000000000018,15.110000000000014,1.8100000000000025,41.6,202.5,11.0,32.800000000000004,219.8,103.2,42.900000000000006,4.1,13.2,0.0,S,2003,10,281,41
2003-10-16,-8.55633,0.8200000000000001,3.5,0.0712,20.8,6410000.0,41.7,12850000.0,14.03000000000003,4.110000000000014,16.970000000000027,3.5300000000000296,37.0,162.5,16.0,28.0,217.5,128.1,58.8,8.7,19.4,15.4,S,2003,10,289,42
2003-10-24,0.613167,0.78,3.7,0.0588,19.200000000000003,5930000.0,36.6,11310000.0,11.470000000000027,2.090000000000032,8.610000000000014,1.6900000000000546,41.8,212.1,18.7,33.2,247.3,156.8,71.9,1.1,20.0,0.0,NS,2003,10,297,43
2003-11-01,-0.503416,0.8300000000000001,4.3,0.0883,27.1,8350000.0,50.6,15590000.0,19.090000000000032,6.2900000000000205,16.590000000000032,5.150000000000034,44.2,201.3,19.5,35.5,249.0,151.3,72.3,4.5,12.3,3.4,NS,2003,11,305,44
2003-11-09,2.96753,0.76,3.3000000000000003,0.0934,28.0,8600000.0,62.900000000000006,19290000.0,23.23000000000001,10.090000000000032,23.63000000000005,9.57000000000005,45.5,195.5,19.6,36.5,245.1,168.0,80.4,11.6,26.0,0.0,NS,2003,11,313,45
2003-11-17,-2.80832,0.81,4.1000000000000005,0.0775,27.3,8390000.0,48.7,14960000.0,19.870000000000005,5.150000000000034,22.31,4.730000000000018,44.5,186.3,18.9,35.4,245.0,161.60000000000002,84.2,7.6,20.4,0.0,S,2003,11,321,47
2003-11-25,-0.788769,0.81,4.0,0.0884,29.3,8990000.0,54.6,16780000.0,20.57000000000005,8.750000000000057,21.450000000000045,8.870000000000005,47.1,187.3,20.700000000000003,37.0,239.6,174.5,85.4,5.0,20.6,0.0,NS,2003,11,329,48
2003-12-03,3.10778,0.77,3.5,0.0926,30.3,9290000.0,61.5,18860000.0,23.03000000000003,10.710000000000036,23.510000000000048,9.870000000000005,35.800000000000004,163.8,15.9,30.1,200.1,141.9,66.60000000000001,12.4,21.3,0.4,NS,2003,12,337,49
2003-12-11,-0.473538,0.8300000000000001,4.4,0.0982,37.1,11360000.0,69.3,21210000.0,22.73000000000001,11.370000000000005,22.390000000000043,10.490000000000007,45.3,200.1,19.3,37.8,255.9,169.9,83.7,15.9,26.1,0.0,NS,2003,12,345,50
2003-12-19,-0.069474,0.8300000000000001,4.3,0.0943,35.1,10750000.0,64.2,19680000.0,25.23000000000001,13.77000000000004,25.890000000000043,13.310000000000002,31.1,163.20000000000002,13.6,26.5,198.2,134.70000000000002,60.1,16.6,30.2,2.0,NS,2003,12,353,51
2003-12-27,0.276186,0.8300000000000001,4.3,0.0557,23.200000000000003,11350000.0,44.1,21570000.0,24.670000000000016,11.750000000000057,23.81,11.670000000000016,26.5,165.5,11.0,23.5,201.1,114.6,47.3,7.0,27.1,0.0,NS,2003,12,361,52
2004-01-01,-0.479422,0.84,3.9,0.0708,33.7,10320000.0,65.3,19940000.0,24.430000000000007,17.970000000000027,28.950000000000045,17.710000000000036,26.5,165.5,11.0,23.5,201.1,114.6,47.3,15.4,34.2,0.0,NS,2004,1,1,1
2004-01-09,-1.02477,0.8300000000000001,4.4,0.0879,36.5,11170000.0,69.3,21220000.0,21.090000000000032,12.53000000000003,21.79000000000002,11.990000000000007,30.5,167.9,12.6,26.9,209.4,125.7,54.900000000000006,4.2,24.0,0.0,NS,2004,1,9,2
2004-01-17,-1.34494,0.84,4.5,0.0816,35.9,10970000.0,66.9,20460000.0,20.29000000000002,11.110000000000014,20.370000000000005,10.27000000000004,26.0,167.20000000000002,9.9,23.5,188.2,107.9,44.8,17.1,24.1,15.0,NS,2004,1,17,3
2004-01-25,-1.40653,0.85,4.2,0.0861,32.5,9950000.0,59.5,18230000.0,19.450000000000045,10.670000000000016,19.33000000000004,10.07000000000005,20.1,189.5,4.9,17.900000000000002,205.9,96.1,31.3,10.9,30.4,0.0,NS,2004,1,25,4
2004-02-02,-1.511,0.8200000000000001,4.2,0.0534,27.8,8500000.0,62.400000000000006,19040000.0,23.750000000000057,13.410000000000023,25.250000000000057,12.870000000000005,36.0,188.9,14.6,31.3,221.9,129.9,53.400000000000006,11.0,25.2,0.0,NS,2004,2,33,6
2004-02-10,-1.74261,0.85,4.0,0.0412,28.0,8510000.0,59.8,18180000.0,24.63000000000005,16.950000000000045,24.69000000000005,16.730000000000018,36.0,199.8,14.5,29.8,239.2,143.9,61.2,11.9,32.2,0.8,NS,2004,2,41,7
2004-02-18,2.17076,0.87,4.9,0.0616,30.6,9340000.0,55.3,16880000.0,22.510000000000048,14.130000000000052,24.29000000000002,14.110000000000014,35.6,199.0,13.9,31.0,224.7,137.3,59.3,14.2,34.6,0.0,NS,2004,2,49,8
2004-02-26,0.371827,0.84,3.9,0.0718,28.8,8820000.0,56.3,17250000.0,19.63000000000005,10.990000000000007,20.07000000000005,10.430000000000009,35.5,203.0,14.3,29.6,237.4,134.5,55.8,10.3,27.8,0.0,NS,2004,2,57,9
2004-03-05,1.94666,0.8200000000000001,3.7,0.0577,23.9,7320000.0,46.7,14290000.0,18.950000000000045,12.670000000000016,19.610000000000014,12.170000000000016,33.7,203.5,11.8,28.9,234.7,126.6,54.6,9.5,33.3,0.0,NS,2004,3,65,10
2004-03-13,-1.74071,0.84,3.9,0.0625,25.5,7800000.0,48.7,14930000.0,18.73000000000001,10.730000000000018,18.850000000000023,10.430000000000009,29.8,198.6,8.4,23.0,226.5,120.9,49.2,6.9,27.0,0.2,NS,2004,3,73,11
2004-03-21,-0.701981,0.86,4.3,0.0607,25.6,7840000.0,43.7,13390000.0,19.590000000000032,10.29000000000002,20.010000000000048,10.170000000000016,35.7,201.4,12.4,28.8,232.6,128.4,52.400000000000006,9.1,26.2,0.0,NS,2004,3,81,12
2004-03-29,-2.57286,0.89,5.1000000000000005,0.0657,23.1,7090000.0,33.4,10270000.0,16.090000000000032,7.510000000000048,16.55000000000001,6.830000000000041,34.7,214.1,8.700000000000001,28.8,239.8,121.7,51.2,14.7,26.8,0.0,S,2004,3,89,14
2004-04-06,-1.50368,0.75,2.7,0.0499,14.4,4420000.0,35.800000000000004,10990000.0,16.730000000000018,8.890000000000043,16.690000000000055,8.310000000000002,34.6,198.1,12.4,28.200000000000003,224.2,119.8,49.400000000000006,7.6,22.3,0.0,NS,2004,4,97,15
2004-04-14,0.499958,0.8300000000000001,2.9000000000000004,0.0504,14.7,4520000.0,30.200000000000003,9280000.0,14.930000000000009,5.3700000000000045,15.470000000000027,4.07000000000005,32.2,207.1,11.1,26.4,226.1,111.6,48.1,8.3,28.5,0.0,NS,2004,4,105,16
2004-04-22,-1.80274,0.8300000000000001,3.6,0.0404,12.2,3770000.0,19.9,6140000.0,9.29000000000002,5.270000000000039,10.450000000000044,4.630000000000052,30.1,223.1,11.5,26.6,221.2,111.4,41.6,3.3,24.7,0.0,S,2004,4,113,17
2004-04-30,-3.79295,0.9,6.6000000000000005,0.0355,13.0,4040000.0,16.900000000000002,5220000.0,8.430000000000007,1.8900000000000432,9.410000000000023,1.330000000000041,29.5,237.7,9.3,26.4,234.6,115.4,44.0,7.0,11.5,0.8,S,2004,4,121,18
2004-05-08,-2.33408,0.9,6.5,0.0388,14.0,4320000.0,16.7,5150000.0,8.610000000000014,2.3500000000000227,8.510000000000048,2.150000000000034,26.5,192.5,7.2,22.1,217.6,105.2,42.0,-0.2,18.6,0.0,S,2004,5,129,19
2004-05-16,0.474395,0.89,5.300000000000001,0.031,10.6,3280000.0,12.6,3910000.0,6.270000000000039,5.830000000000041,9.590000000000032,5.170000000000016,23.9,248.9,5.4,24.700000000000003,226.7,97.7,30.9,3.0,13.9,0.8,NS,2004,5,137,20
2004-05-24,3.67781,0.74,2.1,0.0181,6.300000000000001,1950000.0,8.8,2740000.0,1.9500000000000453,0.3300000000000409,1.2500000000000568,-0.2099999999999795,106.2,264.0,90.3,101.8,258.3,172.20000000000002,110.3,4.0,14.1,5.8,NS,2004,5,145,22
2004-06-01,0.220677,0.77,2.3000000000000003,0.019,5.5,1690000.0,10.3,3190000.0,4.910000000000025,1.2500000000000568,4.7900000000000205,0.6300000000000523,22.1,177.3,7.5,18.4,189.0,73.7,31.9,-0.6,13.3,0.0,NS,2004,6,153,23
2004-06-09,3.44867,0.9,6.9,0.0213,10.6,3290000.0,11.7,3640000.0,5.190000000000055,0.7100000000000364,0.0,0.8300000000000409,213.4,358.5,198.4,210.8,343.5,245.4,167.8,6.6,15.7,3.8,NS,2004,6,161,24
2004-06-17,0.430256,0.86,3.6,0.0133,4.9,1530000.0,6.9,2160000.0,4.490000000000009,0.0,4.190000000000055,0.0,53.7,288.5,24.1,50.8,197.2,81.7,24.3,-2.3,11.4,0.6,NS,2004,6,169,25
2004-06-25,0.765342,0.88,5.6000000000000005,0.0159,5.300000000000001,1630000.0,8.5,2650000.0,2.970000000000028,0.7100000000000364,2.330000000000041,0.0500000000000113,20.0,220.9,1.3,20.0,217.2,74.4,24.0,4.6,9.5,4.4,NS,2004,6,177,26
2004-07-03,-5.11599,0.84,3.0,0.0183,6.0,1850000.0,9.5,2940000.0,3.630000000000052,2.150000000000034,3.1300000000000523,0.0,19.8,182.4,4.6000000000000005,18.4,165.70000000000002,66.7,15.5,-0.5,13.0,0.6,S,2004,7,185,27
2004-07-11,-3.08922,0.86,3.6,0.018,6.0,1860000.0,9.0,2810000.0,1.990000000000009,-0.75,4.010000000000048,0.0,25.200000000000003,194.1,8.9,22.200000000000003,189.4,89.5,32.2,5.0,13.0,2.6,S,2004,7,193,28
2004-07-19,-4.71283,0.84,3.1,0.0155,4.7,1470000.0,8.4,2600000.0,4.3700000000000045,-0.589999999999975,4.330000000000041,-1.5299999999999727,31.8,189.0,12.3,28.1,164.3,76.3,27.0,-4.6,10.2,0.0,S,2004,7,201,30
2004-07-27,-2.61397,0.8200000000000001,4.3,0.0196,6.0,1870000.0,10.1,3120000.0,3.3100000000000023,0.2100000000000363,3.2700000000000387,-0.3699999999999477,37.2,267.40000000000003,14.3,39.8,252.1,107.1,42.7,-2.3,9.4,0.0,S,2004,7,209,31
2004-08-04,-4.58231,0.08,0.2,0.0147,5.2,1610000.0,7.5,2330000.0,0.0,0.0,0.0,0.0,98.6,332.8,84.5,100.7,265.1,125.9,54.400000000000006,2.9,7.4,25.0,S,2004,8,217,32
2004-08-12,-3.38119,0.8,2.5,0.0259,6.800000000000001,2100000.0,15.2,4730000.0,4.53000000000003,-0.2299999999999613,3.8100000000000014,-0.6299999999999955,94.1,280.1,75.5,92.5,181.9,84.2,31.5,4.5,11.4,0.0,S,2004,8,225,33
2004-08-20,-3.23638,0.79,2.4000000000000004,0.0467,10.9,3380000.0,26.5,8190000.0,11.29000000000002,3.450000000000045,11.29000000000002,2.890000000000043,29.9,174.60000000000002,10.3,24.700000000000003,201.6,103.8,44.6,-1.6,11.1,0.0,S,2004,8,233,34
2004-08-28,-2.25998,0.77,2.2,0.0296,7.800000000000001,2400000.0,17.5,5420000.0,6.630000000000052,0.7100000000000364,6.850000000000023,0.3300000000000409,32.4,192.7,13.4,28.6,225.7,122.1,56.0,-0.3,19.1,0.0,S,2004,8,241,35
2004-09-05,-4.6801,0.12,0.3,0.0267,9.0,2790000.0,14.9,4630000.0,0.0,1.5900000000000318,0.0,1.5300000000000296,174.0,272.2,179.10000000000002,179.5,255.1,145.0,74.9,1.5,12.9,1.6,S,2004,9,249,36
2004-09-13,-0.749999,0.8,2.5,0.0463,11.9,3690000.0,25.6,7930000.0,10.410000000000023,3.07000000000005,12.710000000000036,2.830000000000041,34.6,228.8,9.4,29.700000000000003,259.7,140.1,61.3,-0.9,9.4,0.0,NS,2004,9,257,38
2004-09-21,-1.69194,0.86,4.3,0.0688,20.8,6410000.0,34.800000000000004,10730000.0,13.510000000000048,4.990000000000009,15.510000000000048,4.350000000000023,27.9,176.8,11.3,25.1,197.1,120.2,48.6,1.4,20.9,0.0,NS,2004,9,265,39
2004-09-29,-0.231938,0.79,3.2,0.0635,17.400000000000002,5380000.0,34.7,10710000.0,13.510000000000048,4.330000000000041,13.77000000000004,3.3700000000000045,39.1,202.9,17.0,34.6,232.8,150.20000000000002,67.9,10.9,19.4,1.0,NS,2004,9,273,40
2004-10-07,-1.60187,0.87,4.4,0.0832,26.200000000000003,8080000.0,47.1,14500000.0,17.970000000000027,7.470000000000027,18.410000000000025,6.190000000000055,38.7,185.8,16.900000000000002,33.7,236.2,150.5,71.60000000000001,2.0,18.6,0.0,NS,2004,10,281,41
2004-10-15,-2.88716,0.73,3.0,0.0574,16.8,5180000.0,36.1,11150000.0,14.410000000000023,2.830000000000041,15.79000000000002,2.5300000000000296,42.2,201.9,18.0,36.4,237.7,165.3,77.2,5.1,13.3,0.0,S,2004,10,289,42
2004-10-23,-2.25892,0.78,3.7,0.0739,22.5,6940000.0,45.400000000000006,14000000.0,17.79000000000002,5.850000000000023,18.430000000000007,5.07000000000005,32.2,160.9,13.3,26.5,214.7,132.4,61.0,7.5,23.5,5.8,S,2004,10,297,43
2004-10-31,5.65446,0.2,0.5,0.0589,19.8,6110000.0,41.1,12680000.0,12.27000000000004,2.2700000000000387,6.890000000000043,1.150000000000034,206.7,362.4,188.7,205.9,372.0,276.3,203.9,3.4,23.5,0.0,NS,2004,10,305,44
2004-11-08,-2.84717,0.5700000000000001,1.9,0.0589,17.8,5480000.0,45.5,14050000.0,14.730000000000018,6.610000000000014,15.57000000000005,4.910000000000025,28.1,161.5,12.0,23.3,191.0,118.9,50.3,1.9,20.0,0.0,S,2004,11,313,46
2004-11-16,6.88525,0.81,4.0,0.0952,28.700000000000003,8840000.0,55.6,17100000.0,20.750000000000057,6.53000000000003,22.27000000000004,5.990000000000009,31.200000000000003,160.70000000000002,13.8,26.9,198.2,134.20000000000002,57.900000000000006,4.1,21.4,0.0,NS,2004,11,321,47
2004-11-24,-2.10132,0.8300000000000001,4.3,0.0955,35.9,10990000.0,65.9,20170000.0,25.65000000000004,13.370000000000005,26.930000000000007,13.010000000000048,44.0,213.1,19.0,39.3,265.6,170.5,74.5,6.1,24.9,0.0,S,2004,11,329,48
2004-12-02,-4.92885,0.62,2.4000000000000004,0.0638,19.1,5870000.0,48.3,14830000.0,20.83000000000004,8.370000000000005,20.870000000000005,7.450000000000045,17.900000000000002,173.0,3.4000000000000004,14.9,199.9,100.2,36.5,4.4,21.0,7.2,S,2004,12,337,49
2004-12-10,3.67075,0.8300000000000001,4.3,0.0983,32.6,10010000.0,56.400000000000006,17330000.0,21.870000000000005,9.870000000000005,23.390000000000043,9.79000000000002,44.8,227.9,16.3,39.5,283.1,177.4,81.60000000000001,15.8,18.4,13.0,NS,2004,12,345,50
2004-12-18,-2.45345,0.85,4.9,0.1024,39.900000000000006,12210000.0,70.5,21580000.0,22.77000000000004,12.79000000000002,26.470000000000027,12.250000000000057,38.1,185.6,15.2,33.0,237.7,153.20000000000002,75.0,9.0,28.9,0.0,S,2004,12,353,51
2004-12-26,-1.85355,0.85,4.800000000000001,0.0758,26.5,10870000.0,49.1,20120000.0,19.470000000000027,9.850000000000025,19.110000000000014,6.7900000000000205,42.2,207.7,18.6,37.2,245.4,161.4,74.60000000000001,9.1,26.5,0.0,S,2004,12,361,52
2005-01-01,1.4753,0.84,3.9,0.0973,31.200000000000003,9590000.0,60.1,18460000.0,15.930000000000009,8.390000000000043,18.870000000000005,7.970000000000027,22.1,170.9,8.200000000000001,20.5,189.3,104.2,41.8,11.5,31.3,0.0,NS,2005,1,1,53
2005-01-09,-5.83181,0.75,3.3000000000000003,0.0641,27.4,8380000.0,68.7,20970000.0,25.99000000000001,12.950000000000044,28.610000000000014,12.810000000000002,41.400000000000006,205.3,16.5,36.4,254.8,161.60000000000002,72.0,6.5,27.0,0.0,S,2005,1,9,1
2005-01-17,-2.01956,0.85,4.2,0.096,36.4,11130000.0,64.7,19770000.0,22.15000000000004,13.77000000000004,26.970000000000027,13.190000000000056,35.9,184.1,15.2,31.9,216.0,142.0,64.3,9.4,27.0,0.8,S,2005,1,17,3
2005-01-25,-1.03849,0.86,5.1000000000000005,0.081,39.900000000000006,12160000.0,66.2,20210000.0,23.450000000000045,14.410000000000023,24.19000000000005,13.370000000000005,39.8,192.7,17.3,35.0,222.1,151.3,68.0,12.0,30.2,0.0,NS,2005,1,25,4
2005-02-02,7.71085,0.66,2.4000000000000004,0.0558,17.0,5240000.0,42.900000000000006,13180000.0,21.510000000000048,8.150000000000034,22.930000000000007,9.33000000000004,33.300000000000004,173.3,13.6,29.5,215.9,131.0,56.8,19.3,19.4,0.0,NS,2005,2,33,5
2005-02-10,-2.47785,0.84,4.0,0.0905,30.0,9190000.0,55.8,17110000.0,19.090000000000032,10.370000000000005,19.65000000000004,9.870000000000005,30.700000000000003,174.20000000000002,13.5,27.6,196.1,121.8,52.6,6.7,23.9,0.0,S,2005,2,41,6
2005-02-18,0.102462,0.84,4.0,0.0691,28.8,8810000.0,52.0,15880000.0,22.890000000000043,13.090000000000032,23.65000000000004,13.550000000000011,32.4,177.4,14.2,29.5,196.9,122.1,50.8,7.9,27.6,0.0,NS,2005,2,49,7
2005-02-26,-0.649453,0.84,4.0,0.0625,27.200000000000003,8310000.0,52.1,15930000.0,17.57000000000005,13.490000000000007,16.890000000000043,12.810000000000002,33.300000000000004,222.6,10.9,30.4,246.8,116.9,48.1,12.0,29.1,0.0,NS,2005,2,57,8
2005-03-06,-1.82726,0.78,3.2,0.0677,22.5,6910000.0,52.2,16010000.0,18.71000000000004,9.510000000000048,18.79000000000002,8.930000000000007,31.6,174.0,12.2,26.8,202.3,126.4,51.8,1.0,18.7,8.6,S,2005,3,65,9
2005-03-14,3.60384,0.84,3.9,0.0625,21.9,6730000.0,37.6,11530000.0,15.650000000000034,8.490000000000009,16.450000000000045,8.970000000000027,26.3,175.20000000000002,10.2,24.6,187.6,103.1,42.5,11.9,31.5,0.0,NS,2005,3,73,11
2005-03-22,-2.85377,0.7000000000000001,2.4000000000000004,0.0697,22.4,6890000.0,34.6,10640000.0,13.33000000000004,5.53000000000003,13.390000000000043,5.03000000000003,24.9,174.9,8.3,22.1,186.3,102.1,39.7,6.1,20.3,4.6,S,2005,3,81,12
2005-03-30,4.38772,0.89,5.5,0.0664,25.4,7810000.0,36.9,11320000.0,14.730000000000018,7.550000000000011,16.03000000000003,6.930000000000007,27.1,186.8,10.0,24.8,191.0,98.8,36.0,9.2,23.0,0.0,NS,2005,3,89,13
2005-04-07,-1.00739,0.84,3.2,0.0553,17.7,5440000.0,32.6,10000000.0,18.21000000000004,11.450000000000044,18.29000000000002,10.310000000000002,28.1,167.70000000000002,10.6,23.8,189.7,108.8,42.900000000000006,4.5,24.4,0.0,NS,2005,4,97,14
2005-04-15,3.10326,0.79,2.5,0.0507,12.9,3950000.0,27.4,8430000.0,13.410000000000023,7.470000000000027,13.77000000000004,6.330000000000041,27.1,179.5,7.0,22.3,212.4,107.1,47.400000000000006,11.2,21.9,8.6,NS,2005,4,105,15
2005-04-23,-0.438564,0.8,2.6,0.0455,12.4,3820000.0,28.4,8730000.0,14.050000000000011,8.110000000000014,14.010000000000048,7.29000000000002,25.0,168.3,6.300000000000001,20.6,202.1,104.6,45.5,4.1,22.4,0.0,NS,2005,4,113,16
2005-05-01,-5.3251,0.87,4.3,0.0442,11.0,3390000.0,23.1,7110000.0,10.57000000000005,5.330000000000041,11.27000000000004,4.890000000000043,31.0,219.2,11.7,26.6,221.0,115.8,44.400000000000006,5.2,15.5,1.0,S,2005,5,121,17
2005-05-09,-2.29063,0.8,2.6,0.0405,9.7,3000000.0,20.200000000000003,6220000.0,11.03000000000003,5.150000000000034,10.970000000000027,4.390000000000043,25.200000000000003,167.20000000000002,8.1,19.8,195.1,96.7,36.8,0.4,19.6,0.0,S,2005,5,129,19
2005-05-17,0.0739621,0.8,2.6,0.0353,8.6,2650000.0,17.2,5320000.0,7.670000000000016,2.2100000000000364,9.53000000000003,1.4700000000000273,27.5,181.4,9.5,20.9,192.1,101.2,40.6,2.2,18.2,0.0,NS,2005,5,137,20
2005-05-25,-3.81174,0.9,5.9,0.0197,5.300000000000001,1630000.0,10.7,3300000.0,6.090000000000032,1.3900000000000432,6.930000000000007,1.2300000000000182,23.8,155.20000000000002,8.200000000000001,20.200000000000003,168.3,74.4,32.2,6.1,15.4,1.0,S,2005,5,145,21
2005-06-02,-0.43239,0.76,2.2,0.0297,7.4,2270000.0,18.2,5630000.0,9.310000000000002,3.630000000000052,10.010000000000048,3.050000000000012,32.0,187.2,12.1,26.8,193.3,103.0,36.2,-5.1,17.1,0.0,NS,2005,6,153,22
2005-06-10,5.19453,0.9,6.9,0.0202,9.9,3060000.0,11.1,3430000.0,5.3700000000000045,2.250000000000057,3.8100000000000014,1.6900000000000546,22.200000000000003,157.10000000000002,6.7,18.8,159.20000000000002,80.4,22.4,4.9,17.6,1.8,NS,2005,6,161,23
2005-06-18,2.57871,0.78,2.3000000000000003,0.0128,4.1000000000000005,1260000.0,6.1000000000000005,1880000.0,4.510000000000048,1.3500000000000227,4.550000000000011,0.9900000000000092,35.1,204.3,9.4,29.4,146.20000000000002,63.2,18.4,3.1,10.0,3.8,NS,2005,6,169,24
2005-06-26,-0.603079,0.88,5.7,0.0178,5.0,1560000.0,8.0,2490000.0,7.010000000000048,2.050000000000012,6.910000000000025,1.5100000000000475,20.0,228.0,1.9,18.1,221.6,82.2,24.5,-1.8,13.3,0.0,NS,2005,6,177,25
2005-07-04,-1.77178,0.86,5.300000000000001,0.0197,5.9,1840000.0,9.7,2990000.0,6.610000000000014,1.2500000000000568,5.850000000000023,1.1300000000000523,25.4,245.6,2.7,24.8,235.1,87.10000000000001,32.800000000000004,-1.7,13.8,0.0,S,2005,7,185,27
2005-07-12,-4.02361,0.8,2.6,0.0132,4.1000000000000005,1260000.0,6.9,2130000.0,3.550000000000012,-0.0099999999999909,3.1900000000000546,0.9900000000000092,34.5,217.2,6.1000000000000005,29.0,192.4,69.4,32.6,-3.0,7.5,0.0,S,2005,7,193,28
2005-07-20,1.83517,0.8,2.5,0.0233,6.1000000000000005,1880000.0,12.2,3770000.0,4.990000000000009,0.4900000000000091,4.910000000000025,0.1100000000000136,20.4,183.2,1.6,17.900000000000002,196.5,79.2,31.6,-4.9,12.4,0.0,NS,2005,7,201,29
2005-07-28,1.71931,0.8200000000000001,4.3,0.0309,8.3,2560000.0,14.4,4450000.0,7.850000000000023,1.7500000000000568,7.950000000000045,1.490000000000009,23.200000000000003,157.20000000000002,5.5,19.700000000000003,186.2,88.4,35.6,3.1,10.6,0.6,NS,2005,7,209,30
2005-08-05,-2.69216,0.84,3.2,0.021,7.1000000000000005,2200000.0,12.4,3870000.0,4.110000000000014,-0.8699999999999477,2.950000000000045,0.0,53.3,269.5,18.6,46.5,209.5,73.3,27.9,-1.0,9.0,1.6,S,2005,8,217,31
2005-08-13,-5.66166,0.74,2.1,0.0261,7.4,2280000.0,14.7,4560000.0,4.010000000000048,0.57000000000005,5.990000000000009,0.8900000000000432,29.0,157.10000000000002,9.5,22.3,166.10000000000002,89.80000000000001,34.0,-3.7,12.4,0.0,S,2005,8,225,32
2005-08-21,-4.05671,0.77,2.3000000000000003,0.0383,8.9,2760000.0,22.700000000000003,7030000.0,9.27000000000004,2.490000000000009,9.630000000000052,2.390000000000043,32.300000000000004,172.4,12.8,27.700000000000003,190.5,116.7,45.6,4.9,10.0,4.2,S,2005,8,233,33
2005-08-29,-1.93207,0.6900000000000001,2.3000000000000003,0.0295,9.3,2890000.0,20.0,6210000.0,3.890000000000043,1.07000000000005,3.410000000000025,0.0,74.4,226.3,57.0,73.8,151.8,52.1,20.200000000000003,1.6,17.8,0.0,S,2005,8,241,35
2005-09-06,-3.81011,0.65,2.0,0.0325,11.0,3410000.0,21.4,6600000.0,13.29000000000002,5.250000000000057,14.050000000000011,4.890000000000043,27.6,172.10000000000002,9.8,24.6,198.5,105.1,44.0,-1.2,16.3,0.0,S,2005,9,249,36
2005-09-14,-1.0673,0.73,2.6,0.0377,12.2,3780000.0,23.700000000000003,7340000.0,10.490000000000007,1.0100000000000475,10.050000000000011,0.5100000000000477,49.3,200.4,22.700000000000003,43.1,218.2,140.5,65.7,0.0,11.6,0.0,NS,2005,9,257,37
2005-09-22,-1.42274,0.8300000000000001,3.6,0.0555,17.2,5300000.0,29.0,8960000.0,12.250000000000057,4.3700000000000045,14.77000000000004,3.790000000000021,26.4,181.2,10.3,24.9,190.7,103.0,38.8,3.2,18.8,0.0,NS,2005,9,265,38
2005-09-30,-2.79494,0.8300000000000001,3.8,0.0735,20.5,6320000.0,39.2,12080000.0,12.650000000000034,5.770000000000039,15.730000000000018,5.510000000000048,31.0,161.9,13.9,28.200000000000003,187.4,121.9,53.1,1.0,15.0,1.6,S,2005,9,273,39
2005-10-08,4.22907,0.79,3.2,0.0671,18.8,5800000.0,38.2,11810000.0,14.03000000000003,3.890000000000043,14.090000000000032,3.3500000000000227,40.3,182.3,18.5,34.0,225.3,149.9,66.7,8.1,10.5,9.6,NS,2005,10,281,40
2005-10-16,-5.64685,0.58,1.9,0.0465,16.2,4990000.0,35.0,10770000.0,16.710000000000036,6.770000000000039,15.57000000000005,6.170000000000016,25.0,163.60000000000002,9.6,21.5,205.1,114.3,46.8,3.6,17.7,0.0,S,2005,10,289,41
2005-10-24,-0.24829,0.59,2.0,0.0526,18.6,5730000.0,39.8,12250000.0,17.83000000000004,7.410000000000025,19.970000000000027,6.970000000000027,33.5,157.70000000000002,14.1,27.9,209.7,133.20000000000002,62.900000000000006,15.4,20.0,1.2,NS,2005,10,297,43
2005-11-01,2.17283,0.56,1.8,0.0621,20.0,6140000.0,52.6,16140000.0,20.410000000000025,11.590000000000032,20.27000000000004,10.510000000000048,27.9,152.4,12.2,24.200000000000003,191.1,120.9,51.0,13.0,26.9,0.4,NS,2005,11,305,44
2005-11-09,-0.0399026,0.76,3.4000000000000004,0.0917,25.9,7980000.0,56.8,17500000.0,18.19000000000005,5.110000000000014,18.55000000000001,4.8700000000000045,43.6,209.2,19.700000000000003,37.9,245.4,168.9,76.5,10.9,27.4,0.0,NS,2005,11,313,45
2005-11-17,-2.93359,0.6,2.1,0.079,21.1,6470000.0,62.1,19070000.0,21.010000000000048,9.970000000000027,21.63000000000005,9.350000000000025,28.8,161.70000000000002,10.1,24.3,210.9,129.3,55.400000000000006,5.1,23.7,0.0,S,2005,11,321,46
2005-11-25,-0.0812499,0.74,3.1,0.0835,24.700000000000003,7600000.0,53.2,16360000.0,23.63000000000005,8.710000000000036,23.670000000000016,9.53000000000003,42.5,204.3,19.1,36.1,257.1,178.8,85.2,13.4,24.5,0.0,NS,2005,11,329,47
2005-12-03,0.676381,0.8200000000000001,4.4,0.1056,31.9,9810000.0,65.4,20110000.0,17.850000000000023,8.010000000000048,18.950000000000045,7.270000000000039,44.1,226.5,19.200000000000003,39.8,264.2,171.70000000000002,79.9,9.6,15.5,40.2,NS,2005,12,337,48
2005-12-11,-3.38575,0.84,4.6000000000000005,0.1047,35.300000000000004,10840000.0,63.6,19520000.0,21.23000000000001,9.710000000000036,21.69000000000005,9.250000000000057,31.8,160.3,13.9,28.0,190.5,128.4,55.3,5.8,27.9,0.0,S,2005,12,345,49
2005-12-19,-3.51625,0.87,4.9,0.1003,39.400000000000006,12080000.0,69.10000000000001,21190000.0,18.510000000000048,10.590000000000032,20.31,10.77000000000004,49.400000000000006,232.1,20.1,43.8,278.0,170.9,80.0,3.8,23.8,0.0,S,2005,12,353,51
2005-12-27,-3.69634,0.86,4.800000000000001,0.0377,23.8,11610000.0,46.400000000000006,22640000.0,26.110000000000014,16.33000000000004,26.010000000000048,16.950000000000045,38.400000000000006,205.2,13.2,33.300000000000004,254.2,150.6,67.0,8.1,30.6,0.0,S,2005,12,361,52
2006-01-01,-0.897698,0.86,4.800000000000001,0.087,39.900000000000006,12190000.0,68.60000000000001,20970000.0,23.05000000000001,13.090000000000032,23.170000000000016,13.370000000000005,38.400000000000006,205.2,13.2,33.300000000000004,254.2,150.6,67.0,19.8,38.6,0.0,NS,2006,1,1,52
2006-01-09,-2.06974,0.6900000000000001,2.7,0.0537,23.3,7100000.0,63.2,19290000.0,25.65000000000004,15.390000000000043,27.430000000000007,15.230000000000018,38.5,188.6,16.3,33.6,236.0,147.5,64.4,14.4,33.4,0.0,S,2006,1,9,2
2006-01-17,2.09745,0.84,4.6000000000000005,0.074,36.4,11110000.0,66.8,20370000.0,23.090000000000032,15.130000000000052,23.69000000000005,15.650000000000034,39.8,243.7,11.5,36.7,271.6,152.1,60.1,18.6,30.2,18.6,NS,2006,1,17,3
2006-01-25,-4.59551,0.84,3.9,0.0573,34.0,10350000.0,72.4,22020000.0,24.970000000000027,17.150000000000034,26.250000000000057,18.05000000000001,29.1,177.3,10.9,26.4,208.2,122.2,46.3,11.9,31.0,0.0,S,2006,1,25,4
2006-02-02,0.0649803,0.81,4.1000000000000005,0.0617,31.3,9560000.0,65.5,20010000.0,22.55000000000001,12.33000000000004,24.29000000000002,12.950000000000044,37.4,230.0,13.5,34.5,258.40000000000003,149.8,55.8,20.2,34.6,2.0,NS,2006,2,33,5
2006-02-10,-4.44594,0.86,4.3,0.0742,33.9,10360000.0,62.8,19200000.0,20.03000000000003,11.690000000000056,19.71000000000004,11.33000000000004,32.6,188.8,12.2,27.9,225.7,128.1,56.900000000000006,3.9,23.6,0.8,S,2006,2,41,6
2006-02-18,-0.757598,0.84,4.0,0.0621,29.9,9130000.0,58.1,17730000.0,22.53000000000003,15.590000000000032,23.930000000000007,14.250000000000057,41.2,248.9,15.8,37.0,250.9,143.3,61.5,19.5,33.9,0.0,NS,2006,2,49,7
2006-02-26,-4.9188,0.84,3.9,0.0649,28.9,8840000.0,56.3,17190000.0,21.010000000000048,13.57000000000005,21.49000000000001,13.110000000000014,30.5,190.5,11.3,25.8,214.0,116.8,48.900000000000006,12.5,27.6,0.6,S,2006,2,57,8
2006-03-06,-2.08399,0.86,4.5,0.0549,28.0,8560000.0,50.1,15300000.0,21.750000000000057,13.010000000000048,22.910000000000025,12.590000000000032,37.8,219.2,14.8,33.2,238.8,126.2,50.900000000000006,12.8,29.1,0.0,S,2006,3,65,10
2006-03-14,-0.424448,0.86,4.4,0.0674,25.3,7770000.0,41.7,12780000.0,17.670000000000016,10.470000000000027,17.03000000000003,10.250000000000057,30.700000000000003,196.1,11.8,26.700000000000003,200.2,110.4,44.0,12.7,29.4,0.2,NS,2006,3,73,11
2006-03-22,-2.62596,0.85,4.0,0.0626,24.1,7370000.0,41.3,12640000.0,18.170000000000016,11.670000000000016,18.73000000000001,11.370000000000005,34.6,205.6,13.0,30.200000000000003,235.3,123.3,49.0,7.2,26.0,0.0,S,2006,3,81,12
2006-03-30,6.87728,0.89,5.1000000000000005,0.0546,18.1,5600000.0,27.0,8340000.0,11.130000000000052,5.690000000000055,6.850000000000023,1.410000000000025,41.5,367.3,3.7,39.1,353.1,154.70000000000002,56.2,11.0,17.9,2.4,NS,2006,3,89,13
2006-04-07,-0.419518,0.89,5.0,0.0574,19.6,6040000.0,30.4,9370000.0,12.390000000000043,5.750000000000057,11.390000000000043,5.390000000000043,34.5,246.6,11.3,32.1,238.4,122.9,49.400000000000006,5.4,15.7,0.0,NS,2006,4,97,14
2006-04-15,0.513238,0.8200000000000001,2.8000000000000003,0.0448,10.9,3370000.0,23.200000000000003,7170000.0,8.690000000000055,2.490000000000009,8.79000000000002,1.7100000000000364,24.5,180.0,8.3,20.9,173.70000000000002,82.5,28.0,6.4,13.2,16.8,NS,2006,4,105,15
2006-04-23,-0.638994,0.84,3.1,0.0428,11.4,3520000.0,20.700000000000003,6390000.0,10.910000000000023,4.170000000000016,11.050000000000011,3.930000000000007,66.0,242.8,36.8,57.900000000000006,250.4,150.4,99.2,-1.4,14.0,0.0,NS,2006,4,113,16
2006-05-01,2.83739,0.03,0.1,0.0291,9.8,3040000.0,13.9,4310000.0,0.0,3.57000000000005,0.0,2.730000000000018,233.3,383.0,225.5,239.2,369.1,268.8,200.8,6.5,12.0,2.4,NS,2006,5,121,18
2006-05-09,-4.27052,0.65,1.6,0.036,12.6,3900000.0,16.2,5010000.0,8.250000000000057,3.1900000000000546,8.270000000000039,2.470000000000028,24.200000000000003,232.6,3.9,21.8,224.4,92.0,33.1,3.4,10.2,0.0,S,2006,5,129,19
2006-05-17,-0.535663,0.9,6.800000000000001,0.0341,12.6,3900000.0,14.9,4620000.0,6.7900000000000205,1.170000000000016,7.830000000000041,0.8100000000000023,24.3,174.10000000000002,7.6,20.5,167.9,86.80000000000001,27.0,0.4,17.6,0.0,NS,2006,5,137,20
2006-05-25,-2.05623,0.9,5.800000000000001,0.0268,9.9,3070000.0,12.0,3720000.0,6.910000000000025,0.6700000000000159,7.050000000000011,0.0100000000000477,17.2,141.70000000000002,5.800000000000001,17.5,152.70000000000002,76.3,24.700000000000003,-2.0,15.0,0.0,S,2006,5,145,21
2006-06-02,2.51139,0.91,5.9,0.0232,7.6,2340000.0,10.8,3350000.0,5.170000000000016,0.6700000000000159,5.230000000000018,-0.0099999999999909,21.8,169.10000000000002,7.9,20.1,164.5,78.60000000000001,24.5,4.4,10.1,11.0,NS,2006,6,153,22
2006-06-10,1.02096,0.8200000000000001,2.8000000000000003,0.0188,5.2,1630000.0,10.0,3090000.0,4.190000000000055,-0.7299999999999613,4.07000000000005,-0.75,20.6,200.6,2.4000000000000004,19.6,210.4,85.10000000000001,29.1,-2.0,10.0,0.0,NS,2006,6,161,23
2006-06-18,-1.81065,0.86,3.8,0.0225,6.9,2140000.0,10.3,3180000.0,5.130000000000052,-0.0699999999999931,5.750000000000057,0.2300000000000182,23.5,172.0,7.800000000000001,20.5,170.60000000000002,86.30000000000001,28.5,-5.6,14.0,0.0,S,2006,6,169,24
2006-06-26,-0.960928,0.89,5.2,0.0203,7.800000000000001,2430000.0,10.7,3310000.0,4.3700000000000045,1.2500000000000568,3.990000000000009,1.2900000000000205,24.200000000000003,183.4,6.800000000000001,18.8,172.8,79.30000000000001,27.8,-5.6,10.7,0.0,NS,2006,6,177,26
2006-07-04,-1.09682,0.84,4.800000000000001,0.0141,6.1000000000000005,1900000.0,9.3,2880000.0,5.250000000000057,1.0100000000000475,4.850000000000023,0.7700000000000387,20.3,160.20000000000002,2.7,15.6,167.20000000000002,67.9,25.5,-3.1,14.3,0.0,NS,2006,7,185,27
2006-07-12,-2.03327,0.86,5.4,0.0121,5.1000000000000005,1600000.0,9.8,3040000.0,4.53000000000003,0.2500000000000568,4.430000000000007,0.2900000000000204,23.3,172.70000000000002,7.2,19.200000000000003,166.3,79.10000000000001,25.8,3.9,9.6,4.4,S,2006,7,193,28
2006-07-20,0.621291,0.41,0.7000000000000001,0.0119,5.9,1840000.0,12.9,3990000.0,4.690000000000055,1.5900000000000318,4.510000000000048,1.0300000000000296,24.0,166.8,6.800000000000001,21.9,186.2,78.4,33.9,-5.4,11.0,0.0,NS,2006,7,201,29
2006-07-28,-4.26929,0.89,5.1000000000000005,0.0234,9.0,2790000.0,13.0,4030000.0,3.510000000000048,-0.0699999999999931,3.910000000000025,-0.5299999999999727,22.200000000000003,216.9,6.800000000000001,22.700000000000003,191.1,66.10000000000001,20.6,-2.3,13.0,0.0,S,2006,7,209,30
2006-08-05,-1.42088,0.79,2.5,0.0337,7.6,2370000.0,20.0,6210000.0,7.010000000000048,1.490000000000009,7.650000000000034,2.230000000000018,23.200000000000003,159.3,4.3,19.9,179.3,81.9,31.6,-4.2,14.0,0.0,NS,2006,8,217,31
2006-08-13,-1.97509,0.88,4.800000000000001,0.0417,12.7,3940000.0,21.3,6580000.0,7.79000000000002,0.8700000000000045,8.370000000000005,-0.6099999999999568,27.8,178.5,8.5,24.3,196.4,94.9,41.8,-1.0,15.6,0.0,S,2006,8,225,32
2006-08-21,-1.8848,0.6900000000000001,1.7000000000000002,0.0279,7.800000000000001,2430000.0,18.3,5680000.0,7.270000000000039,1.910000000000025,7.830000000000041,1.670000000000016,25.700000000000003,158.0,8.700000000000001,22.700000000000003,188.0,89.5,37.8,-2.9,15.0,0.0,S,2006,8,233,34
2006-08-29,-3.69914,0.75,2.7,0.0447,12.6,3880000.0,26.1,8070000.0,11.990000000000007,4.110000000000014,12.410000000000023,3.470000000000028,31.5,176.8,11.8,26.8,205.6,110.2,47.6,-1.2,18.0,0.0,S,2006,8,241,35
2006-09-06,0.896551,0.78,3.0,0.0444,12.1,3730000.0,26.9,8310000.0,10.390000000000043,1.8500000000000227,11.850000000000025,1.6300000000000523,29.5,161.10000000000002,13.2,26.0,183.9,117.6,49.5,0.8,10.5,0.0,NS,2006,9,249,36
2006-09-14,-2.35496,0.8,3.3000000000000003,0.0673,18.5,5700000.0,40.8,12580000.0,14.350000000000025,6.3700000000000045,15.110000000000014,6.970000000000027,33.1,185.0,11.1,28.700000000000003,221.9,130.4,55.8,2.5,18.3,0.0,S,2006,9,257,37
2006-09-22,-3.0113,0.84,3.9,0.0659,19.4,5990000.0,40.1,12370000.0,12.29000000000002,4.010000000000048,13.110000000000014,3.9700000000000273,35.6,170.70000000000002,15.9,31.1,197.2,131.8,57.7,5.7,23.2,0.0,S,2006,9,265,38
2006-09-30,-12.629,0.79,3.2,0.0723,20.6,6330000.0,48.0,14770000.0,17.410000000000025,6.610000000000014,18.33000000000004,6.890000000000043,38.5,182.4,16.8,33.9,225.1,138.20000000000002,65.5,-1.0,20.4,0.0,S,2006,9,273,39
2006-10-08,-3.29351,0.8200000000000001,3.7,0.0731,24.1,7410000.0,51.400000000000006,15790000.0,18.31,6.910000000000025,18.71000000000004,6.590000000000032,35.1,181.7,14.3,30.4,204.8,131.70000000000002,59.7,5.3,21.4,0.0,S,2006,10,281,40
2006-10-16,-5.14295,0.8200000000000001,4.2,0.0755,24.9,7670000.0,48.8,15030000.0,16.970000000000027,5.710000000000036,18.170000000000016,4.890000000000043,40.1,188.8,15.4,33.800000000000004,235.2,150.1,71.8,1.8,21.3,0.0,S,2006,10,289,42
2006-10-24,-1.73226,0.8,3.8,0.0758,25.3,7780000.0,56.0,17220000.0,17.910000000000025,4.210000000000036,18.19000000000005,3.710000000000037,41.3,180.7,18.8,34.1,215.1,143.9,72.3,2.9,25.6,0.0,NS,2006,10,297,43
2006-11-01,-1.50913,0.85,5.0,0.0812,31.8,9750000.0,53.5,16410000.0,17.53000000000003,7.690000000000055,18.850000000000023,6.090000000000032,40.400000000000006,208.4,17.3,34.4,235.5,147.6,68.2,5.1,27.4,0.0,NS,2006,11,305,44
2006-11-09,-4.33889,0.78,3.7,0.0665,22.200000000000003,6830000.0,50.8,15650000.0,18.33000000000004,5.350000000000023,16.79000000000002,5.430000000000007,42.1,176.8,18.5,34.9,214.4,154.8,77.30000000000001,2.5,23.0,0.0,S,2006,11,313,45
2006-11-17,-3.50459,0.86,5.1000000000000005,0.0698,37.5,11450000.0,67.9,20740000.0,20.750000000000057,10.310000000000002,21.350000000000023,10.050000000000011,44.6,196.1,20.4,38.0,232.7,164.60000000000002,78.30000000000001,0.0,22.6,0.0,S,2006,11,321,46
2006-11-25,-1.13497,0.85,4.7,0.0667,35.2,10760000.0,65.60000000000001,20060000.0,25.470000000000027,12.03000000000003,25.53000000000003,11.590000000000032,41.5,178.9,17.2,33.7,227.0,159.9,75.2,10.9,32.6,0.0,NS,2006,11,329,47
2006-12-03,-2.18924,0.65,2.5,0.0531,20.4,6230000.0,73.0,22300000.0,25.910000000000025,13.310000000000002,23.55000000000001,13.410000000000023,32.1,166.5,14.7,27.1,193.2,131.5,59.7,4.0,24.2,0.0,S,2006,12,337,48
2006-12-11,1.36929,0.85,4.800000000000001,0.0758,34.0,10420000.0,59.6,18250000.0,22.99000000000001,10.430000000000009,22.55000000000001,10.810000000000002,40.7,176.60000000000002,18.4,33.4,219.9,139.0,65.4,22.0,31.6,0.0,NS,2006,12,345,50
2006-12-19,-2.20549,0.86,5.0,0.0818,31.6,9700000.0,52.900000000000006,16230000.0,18.110000000000014,9.010000000000048,24.23000000000001,6.57000000000005,21.6,178.4,6.9,18.2,176.8,92.4,34.0,11.4,31.3,0.0,S,2006,12,353,51
2006-12-27,-4.7389,0.77,3.5,0.0535,18.7,9150000.0,40.400000000000006,19800000.0,21.370000000000005,10.29000000000002,22.31,9.310000000000002,42.900000000000006,181.4,17.7,34.4,233.6,154.70000000000002,76.2,6.5,26.7,0.0,S,2006,12,361,52
2007-01-01,-2.62734,0.64,2.3000000000000003,0.0643,19.5,5980000.0,61.1,18720000.0,22.470000000000027,12.110000000000014,23.13000000000005,11.670000000000016,20.8,169.3,3.2,16.7,185.2,92.1,35.6,13.4,26.0,15.2,S,2007,1,1,1
2007-01-09,-4.38397,0.85,4.7,0.0596,36.7,11200000.0,70.60000000000001,21520000.0,27.19000000000005,15.090000000000032,27.850000000000023,14.77000000000004,40.5,189.0,15.6,34.7,221.9,144.1,60.1,9.1,29.0,0.0,S,2007,1,9,2
2007-01-17,3.74333,0.87,4.9,0.0688,35.6,10850000.0,60.2,18380000.0,26.27000000000004,13.83000000000004,27.010000000000048,13.050000000000011,46.0,240.8,14.7,39.2,274.7,164.60000000000002,71.8,21.9,31.0,0.0,NS,2007,1,17,3
2007-01-25,-3.33442,0.8200000000000001,4.2,0.0839,34.2,10470000.0,68.10000000000001,20860000.0,22.05000000000001,11.170000000000016,22.79000000000002,11.130000000000052,41.7,184.8,18.1,34.1,212.8,144.3,68.3,10.4,30.0,0.0,S,2007,1,25,4
2007-02-02,-1.87602,0.87,4.7,0.0534,33.9,10330000.0,66.3,20190000.0,25.33000000000004,15.970000000000027,25.930000000000007,15.77000000000004,35.2,176.3,15.5,29.200000000000003,210.6,125.1,53.8,13.2,33.0,0.0,S,2007,2,33,5
2007-02-10,-1.77104,0.87,4.9,0.07,33.2,10160000.0,54.400000000000006,16620000.0,21.65000000000004,12.990000000000007,22.21000000000004,11.210000000000036,42.6,254.2,15.5,38.3,254.8,133.0,57.1,15.6,30.5,0.0,S,2007,2,41,6
2007-02-18,1.78849,0.89,5.6000000000000005,0.0584,30.9,9410000.0,48.0,14640000.0,19.510000000000048,14.110000000000014,20.81,15.210000000000036,37.8,214.0,14.2,31.4,241.5,134.70000000000002,54.5,14.5,31.2,0.0,NS,2007,2,49,7
2007-02-26,-1.46207,0.88,5.300000000000001,0.0687,32.1,9800000.0,50.6,15450000.0,22.470000000000027,12.190000000000056,26.49000000000001,11.710000000000036,36.3,209.6,11.1,30.0,238.7,136.5,56.900000000000006,15.0,28.0,0.0,NS,2007,2,57,9
2007-03-06,-1.24138,0.88,5.2,0.0723,31.9,9760000.0,50.5,15480000.0,18.63000000000005,11.230000000000018,19.470000000000027,10.630000000000052,36.6,196.9,14.7,31.200000000000003,226.7,129.1,57.3,9.1,27.5,0.0,NS,2007,3,65,10
2007-03-14,0.370315,0.88,4.9,0.0621,26.700000000000003,8160000.0,41.2,12590000.0,19.71000000000004,12.210000000000036,19.970000000000027,11.33000000000004,34.4,254.5,10.5,32.300000000000004,243.6,121.3,42.400000000000006,7.5,29.4,0.0,NS,2007,3,73,11
2007-03-22,-1.5859,0.8200000000000001,3.6,0.0618,19.5,5990000.0,35.2,10820000.0,15.910000000000023,11.110000000000014,16.190000000000055,10.150000000000034,31.6,185.4,12.6,27.0,223.2,120.5,52.7,15.5,30.0,0.0,NS,2007,3,81,12
2007-03-30,2.27398,0.8,2.5,0.0638,15.9,4900000.0,38.900000000000006,11970000.0,14.750000000000057,7.170000000000016,14.07000000000005,6.630000000000052,31.5,172.10000000000002,12.8,26.3,188.9,117.9,48.3,8.1,14.7,1.6,NS,2007,3,89,13
2007-04-07,4.08391,0.8200000000000001,2.7,0.0598,16.1,4940000.0,34.1,10470000.0,16.07000000000005,8.430000000000007,15.930000000000009,7.750000000000057,31.700000000000003,182.9,12.9,26.8,195.8,115.0,49.900000000000006,3.0,21.0,0.0,NS,2007,4,97,14
2007-04-15,-0.443451,0.78,2.3000000000000003,0.0459,11.8,3620000.0,28.9,8890000.0,14.990000000000007,7.670000000000016,14.79000000000002,7.050000000000011,31.0,175.3,12.5,25.5,188.2,110.7,43.900000000000006,10.5,25.7,0.0,NS,2007,4,105,15
2007-04-23,-1.84673,0.84,3.9,0.0439,13.4,4130000.0,19.3,5950000.0,11.990000000000007,6.07000000000005,11.950000000000044,5.430000000000007,34.4,319.5,8.4,29.6,274.40000000000003,135.3,45.7,5.5,21.0,0.0,S,2007,4,113,17
2007-05-01,-0.571346,0.86,5.2,0.0431,12.3,3800000.0,20.200000000000003,6220000.0,12.450000000000044,8.110000000000014,12.130000000000052,7.550000000000011,18.8,170.0,2.9000000000000004,17.900000000000002,164.20000000000002,71.0,20.8,9.4,16.4,0.8,NS,2007,5,121,18
2007-05-09,1.81592,0.8200000000000001,2.7,0.0406,10.5,3230000.0,18.8,5790000.0,13.53000000000003,7.090000000000032,13.990000000000007,6.3700000000000045,22.5,165.9,7.1000000000000005,19.6,185.2,92.8,38.1,9.6,18.6,0.0,NS,2007,5,129,19
2007-05-17,-0.140813,0.08,0.2,0.0271,7.2,2230000.0,11.8,3650000.0,0.0,1.5300000000000296,0.0,0.8100000000000023,306.2,366.5,330.40000000000003,318.1,339.1,281.7,157.10000000000002,4.8,17.5,0.0,NS,2007,5,137,20
2007-05-25,3.07656,0.87,5.4,0.027,7.6,2360000.0,12.5,3870000.0,8.890000000000043,5.550000000000011,8.670000000000016,5.3700000000000045,21.200000000000003,165.3,5.800000000000001,17.6,183.1,83.5,35.2,0.8,15.1,0.0,NS,2007,5,145,21
2007-06-02,-0.354136,0.8300000000000001,2.9000000000000004,0.0253,6.800000000000001,2090000.0,11.0,3410000.0,5.610000000000014,1.5900000000000318,5.07000000000005,1.5900000000000318,20.4,165.3,6.4,17.1,176.5,75.5,29.3,5.0,11.5,0.0,NS,2007,6,153,22
2007-06-10,-2.90848,0.8200000000000001,2.8000000000000003,0.0202,6.0,1870000.0,9.5,2960000.0,4.990000000000009,0.5900000000000318,5.170000000000016,-0.1099999999999568,29.9,230.4,9.1,27.3,237.4,106.9,45.3,-2.4,14.5,0.0,S,2007,6,161,23
2007-06-18,1.65265,0.9,5.9,0.017,5.300000000000001,1650000.0,9.4,2920000.0,4.990000000000009,-0.3699999999999477,4.830000000000041,-0.3699999999999477,26.0,204.6,8.5,23.8,194.7,75.7,31.9,0.0,10.6,0.0,NS,2007,6,169,25
2007-06-26,-0.376551,0.87,5.6000000000000005,0.0151,5.800000000000001,1790000.0,7.6,2370000.0,6.9500000000000455,-6.269999999999982,6.910000000000025,0.0,20.200000000000003,217.1,3.4000000000000004,18.0,190.8,80.2,22.4,-3.5,7.2,0.4,NS,2007,6,177,26
2007-07-04,0.700422,0.85,3.4000000000000004,0.0128,4.5,1410000.0,7.1000000000000005,2220000.0,3.510000000000048,-0.4499999999999886,3.8100000000000014,-0.75,42.6,298.40000000000003,11.4,37.9,195.6,77.5,19.6,4.5,9.2,16.4,NS,2007,7,185,27
2007-07-12,-0.381262,0.88,4.5,0.0164,5.800000000000001,1810000.0,9.5,2940000.0,2.430000000000007,-1.169999999999959,2.0300000000000296,0.0,61.6,369.4,25.5,54.400000000000006,278.7,86.2,28.700000000000003,-1.6,7.1,0.0,NS,2007,7,193,28
2007-07-20,-2.39008,0.5,1.4,0.0283,9.5,2950000.0,12.8,3970000.0,3.630000000000052,-0.1499999999999772,3.2100000000000364,0.2100000000000363,93.1,265.6,79.2,90.7,140.9,53.7,18.3,-4.5,12.0,0.0,S,2007,7,201,29
2007-07-28,-4.23818,1.0,7.0,0.02,8.700000000000001,2710000.0,11.5,3590000.0,4.850000000000023,0.0,4.390000000000043,0.0,27.9,177.4,9.2,24.0,165.8,66.8,23.700000000000003,5.2,12.5,11.8,S,2007,7,209,30
2007-08-05,-2.41091,0.9,6.5,0.0271,11.2,3490000.0,15.3,4740000.0,5.990000000000009,3.2100000000000364,0.0,3.330000000000041,34.7,329.6,7.7,32.800000000000004,302.8,117.3,41.6,-0.5,10.0,6.0,S,2007,8,217,31
2007-08-13,-0.819809,0.16,0.2,0.0313,10.3,3180000.0,16.5,5120000.0,7.79000000000002,1.8900000000000432,8.210000000000036,1.670000000000016,21.9,198.9,3.9,18.3,213.1,91.7,33.5,-1.8,11.5,0.2,NS,2007,8,225,33
2007-08-21,-0.411493,0.85,3.3000000000000003,0.051,12.9,3990000.0,25.8,7960000.0,10.210000000000036,2.830000000000041,10.210000000000036,3.990000000000009,26.1,179.70000000000002,9.2,22.1,201.5,93.5,38.5,-1.3,15.5,0.0,NS,2007,8,233,34
2007-08-29,0.019153,0.89,5.1000000000000005,0.0536,16.5,5100000.0,27.200000000000003,8400000.0,9.950000000000044,2.07000000000005,10.350000000000025,1.9500000000000453,37.6,214.0,14.9,32.1,251.4,132.8,63.900000000000006,3.3,19.0,0.0,NS,2007,8,241,35
2007-09-06,-3.60674,0.79,3.2,0.0476,13.7,4240000.0,27.3,8450000.0,10.430000000000009,3.390000000000043,10.390000000000043,2.990000000000009,27.8,158.10000000000002,9.0,22.1,190.8,95.1,39.6,-1.0,17.3,0.0,S,2007,9,249,36
2007-09-14,0.0525552,0.68,2.2,0.0397,10.6,3270000.0,30.1,9310000.0,10.83000000000004,1.9500000000000453,10.930000000000009,1.7500000000000568,31.8,166.4,11.7,25.4,191.2,109.5,43.0,11.2,14.0,0.0,NS,2007,9,257,37
2007-09-22,-3.70147,0.77,3.0,0.0536,14.7,4540000.0,35.300000000000004,10910000.0,13.27000000000004,3.2100000000000364,13.750000000000057,3.550000000000012,36.4,169.4,14.3,29.9,215.5,135.4,70.2,-1.0,17.0,0.0,S,2007,9,265,38
2007-09-30,3.80341,0.81,3.5,0.0674,18.5,5710000.0,40.0,12350000.0,14.310000000000002,3.930000000000007,16.150000000000034,4.910000000000025,38.1,185.7,17.1,31.5,208.4,139.20000000000002,62.3,4.0,14.5,0.0,NS,2007,9,273,39
2007-10-08,-3.76552,0.81,3.4000000000000004,0.0733,20.6,6350000.0,46.2,14240000.0,15.370000000000005,4.690000000000055,15.050000000000011,2.7700000000000387,39.6,198.3,17.3,33.5,224.7,137.70000000000002,57.8,-0.1,17.5,0.0,S,2007,10,281,41
2007-10-16,-3.98409,0.68,2.6,0.0602,17.7,5430000.0,54.5,16750000.0,18.29000000000002,7.090000000000032,21.33000000000004,6.810000000000002,44.0,187.7,19.1,35.1,241.5,163.3,80.80000000000001,9.8,17.7,0.0,S,2007,10,289,42
2007-10-24,1.1991,0.73,3.1,0.065,19.8,6080000.0,44.6,13710000.0,14.170000000000016,7.730000000000018,14.490000000000007,7.450000000000045,43.900000000000006,201.7,20.200000000000003,38.7,242.8,138.3,63.2,12.1,25.2,1.0,NS,2007,10,297,43
2007-11-01,1.58907,0.74,3.1,0.0735,21.1,6500000.0,45.900000000000006,14140000.0,14.010000000000048,4.53000000000003,14.130000000000052,4.430000000000007,44.1,203.4,19.4,37.1,243.8,165.5,80.7,7.4,22.7,0.0,NS,2007,11,305,44
2007-11-09,-1.81134,0.74,3.2,0.0768,27.3,8360000.0,67.0,20510000.0,22.470000000000027,10.610000000000014,23.73000000000001,10.590000000000032,42.400000000000006,179.8,19.5,34.7,226.6,166.8,80.2,3.9,22.5,0.0,S,2007,11,313,45
2007-11-17,-2.93764,0.74,3.2,0.0655,25.9,7910000.0,59.0,18030000.0,23.930000000000007,14.710000000000036,24.49000000000001,14.83000000000004,48.0,207.4,21.700000000000003,40.6,242.8,171.3,82.10000000000001,16.5,30.0,0.0,S,2007,11,321,46
2007-11-25,2.11007,0.26,0.6000000000000001,0.0696,25.1,7710000.0,43.1,13210000.0,18.110000000000014,9.77000000000004,0.0,9.110000000000014,134.0,285.5,116.6,131.3,302.6,202.5,135.20000000000002,16.5,27.5,0.0,NS,2007,11,329,47
2007-12-03,-0.250369,0.85,4.6000000000000005,0.0966,35.9,11010000.0,62.900000000000006,19290000.0,19.71000000000004,10.210000000000036,19.450000000000045,9.650000000000034,44.8,246.5,16.0,39.900000000000006,287.8,174.4,76.80000000000001,16.0,23.0,0.0,NS,2007,12,337,49
2007-12-11,-2.49299,0.48,1.3,0.0963,33.6,10310000.0,58.3,17900000.0,10.990000000000007,9.07000000000005,0.0,8.870000000000005,73.60000000000001,211.1,73.7,75.3,231.1,153.3,105.6,4.5,24.1,0.0,S,2007,12,345,50
2007-12-19,2.4417,0.8300000000000001,4.3,0.1016,33.2,10200000.0,57.900000000000006,17770000.0,19.450000000000045,8.110000000000014,20.03000000000003,8.430000000000007,45.3,237.4,20.9,42.2,263.90000000000003,167.60000000000002,80.9,14.5,20.6,0.0,NS,2007,12,353,51
2007-12-27,-2.20854,0.85,4.800000000000001,0.048,25.700000000000003,12550000.0,47.3,23080000.0,26.19000000000005,15.57000000000005,30.350000000000023,14.990000000000007,34.6,183.9,13.2,29.8,225.7,145.9,66.4,13.3,28.0,0.0,S,2007,12,361,52
2008-01-01,-0.487108,0.78,3.7,0.0674,33.300000000000004,10160000.0,74.3,22650000.0,25.670000000000016,15.450000000000044,26.470000000000027,15.57000000000005,38.7,212.4,13.8,32.6,257.8,156.9,72.8,15.5,33.5,0.0,NS,2008,1,1,1
2008-01-09,-1.66217,0.88,5.5,0.0668,42.5,12960000.0,70.9,21590000.0,24.950000000000045,15.890000000000043,24.55000000000001,15.250000000000057,34.5,197.3,15.1,31.1,217.9,135.3,59.400000000000006,13.4,32.7,0.0,NS,2008,1,9,2
2008-01-17,-5.73017,0.8300000000000001,4.3,0.0775,30.3,9290000.0,52.400000000000006,16060000.0,24.950000000000045,13.03000000000003,24.890000000000043,12.630000000000052,42.3,236.9,16.2,38.3,267.8,156.60000000000002,67.8,14.6,31.1,0.0,S,2008,1,17,3
2008-01-25,-4.2038,0.64,2.3000000000000003,0.0534,19.5,5950000.0,59.900000000000006,18280000.0,21.07000000000005,13.550000000000011,24.250000000000057,14.07000000000005,23.0,177.3,6.2,20.1,199.0,109.5,42.7,16.0,27.5,0.0,S,2008,1,25,4
2008-02-02,-3.16524,0.8200000000000001,4.1000000000000005,0.0702,25.3,7750000.0,41.3,12660000.0,19.110000000000014,8.450000000000045,22.870000000000005,7.170000000000016,37.4,232.1,15.9,34.5,262.3,143.0,61.400000000000006,13.5,30.0,0.0,S,2008,2,33,5
2008-02-10,-3.4855,0.89,5.300000000000001,0.096,35.800000000000004,10970000.0,53.1,16260000.0,19.370000000000005,10.83000000000004,20.350000000000023,10.07000000000005,28.8,190.2,8.6,25.200000000000003,216.2,118.2,49.400000000000006,8.0,22.5,0.0,S,2008,2,41,6
2008-02-18,-2.42347,0.88,5.1000000000000005,0.0921,33.300000000000004,10220000.0,53.6,16430000.0,17.210000000000036,10.83000000000004,17.350000000000023,10.230000000000018,34.0,296.40000000000003,6.1000000000000005,32.7,294.5,134.8,46.7,8.8,26.5,0.0,S,2008,2,49,8
2008-02-26,-2.2406,0.87,4.9,0.0802,30.0,9200000.0,50.8,15580000.0,16.350000000000023,9.250000000000057,13.650000000000034,8.950000000000045,30.6,197.1,11.3,25.8,222.1,118.1,48.1,8.3,26.6,0.0,S,2008,2,57,9
2008-03-05,0.0313119,0.87,4.800000000000001,0.061,31.3,9560000.0,53.0,16180000.0,21.170000000000016,13.550000000000011,21.910000000000025,13.450000000000044,27.200000000000003,191.9,10.6,23.6,208.9,108.1,40.900000000000006,6.5,28.5,0.0,NS,2008,3,65,10
2008-03-13,-0.429757,0.85,4.2,0.0447,25.6,7790000.0,49.0,14930000.0,19.07000000000005,14.170000000000016,19.450000000000045,13.650000000000034,24.200000000000003,195.9,8.6,21.8,200.5,105.4,40.2,10.0,33.0,0.0,NS,2008,3,73,11
2008-03-21,-5.78574,0.26,0.6000000000000001,0.0609,20.1,6190000.0,30.1,9270000.0,15.77000000000004,5.210000000000036,15.750000000000057,5.330000000000041,120.4,260.40000000000003,115.5,117.9,256.0,175.0,113.0,7.7,23.0,0.2,S,2008,3,81,12
2008-03-29,-2.31316,0.88,5.4,0.0693,21.6,6680000.0,34.0,10490000.0,11.77000000000004,5.270000000000039,12.610000000000014,4.9500000000000455,25.8,193.1,8.200000000000001,22.700000000000003,205.4,93.1,37.5,2.0,17.0,0.0,S,2008,3,89,13
2008-04-06,-2.79389,0.8200000000000001,3.6,0.0601,17.2,5290000.0,31.0,9550000.0,12.490000000000007,6.670000000000016,13.050000000000011,6.2900000000000205,24.3,192.1,7.800000000000001,20.9,207.1,93.9,36.0,3.0,22.0,0.0,S,2008,4,97,14
2008-04-14,-3.14931,0.9,6.6000000000000005,0.0601,21.0,6460000.0,26.200000000000003,8080000.0,11.910000000000023,5.57000000000005,12.050000000000011,4.970000000000027,27.200000000000003,187.7,9.6,22.700000000000003,190.7,102.9,41.2,2.2,18.4,0.0,S,2008,4,105,16
2008-04-22,-4.25594,0.8300000000000001,2.9000000000000004,0.0413,10.7,3310000.0,19.8,6100000.0,12.77000000000004,4.430000000000007,12.750000000000057,3.090000000000032,28.6,222.3,10.0,25.200000000000003,214.2,105.5,39.0,2.5,21.6,0.0,S,2008,4,113,17
2008-04-30,-2.0781,0.86,5.4,0.0359,11.2,3460000.0,16.900000000000002,5230000.0,7.410000000000025,2.410000000000025,7.750000000000057,2.010000000000048,19.6,192.4,6.1000000000000005,16.7,175.10000000000002,77.4,23.8,-2.6,14.5,0.0,S,2008,4,121,18
2008-05-08,-0.789136,0.87,5.4,0.0484,15.1,4650000.0,19.8,6110000.0,10.190000000000056,4.650000000000034,9.850000000000025,3.990000000000009,24.8,208.7,7.9,22.4,188.3,86.80000000000001,31.0,0.7,16.5,0.2,NS,2008,5,129,19
2008-05-16,-5.18786,0.9,6.800000000000001,0.0238,10.1,3140000.0,11.7,3620000.0,6.930000000000007,1.9500000000000453,6.9500000000000455,1.5500000000000114,25.3,291.0,5.300000000000001,26.8,263.0,96.8,31.8,4.8,15.2,8.4,S,2008,5,137,20
2008-05-24,-4.15472,0.8300000000000001,2.9000000000000004,0.0366,8.9,2760000.0,16.1,4980000.0,8.250000000000057,4.210000000000036,8.550000000000011,4.150000000000034,21.200000000000003,185.4,7.2,18.6,194.6,84.7,30.8,-3.0,14.5,0.0,S,2008,5,145,21
2008-06-01,-1.03852,0.23,0.3,0.0267,7.7,2380000.0,11.3,3480000.0,8.230000000000018,2.970000000000028,8.330000000000041,2.650000000000034,19.6,162.5,5.9,17.900000000000002,174.0,77.60000000000001,29.4,-2.0,17.0,0.0,NS,2008,6,153,22
2008-06-09,-0.683998,0.89,5.7,0.0199,6.300000000000001,1940000.0,8.9,2760000.0,6.090000000000032,1.5500000000000114,6.090000000000032,1.7500000000000568,18.9,178.5,4.6000000000000005,16.3,185.1,75.4,21.8,2.5,14.5,0.0,NS,2008,6,161,24
2008-06-17,-2.44958,0.91,6.0,0.0155,5.800000000000001,1800000.0,7.1000000000000005,2190000.0,10.210000000000036,4.050000000000011,10.350000000000025,3.430000000000007,19.1,280.0,2.2,21.4,246.7,88.4,23.9,-1.8,16.2,0.0,S,2008,6,169,25
2008-06-25,-3.92064,0.8200000000000001,4.2,0.019,6.9,2150000.0,10.3,3200000.0,4.850000000000023,1.07000000000005,0.0,0.0,17.400000000000002,123.1,3.0,13.4,144.3,81.30000000000001,43.6,4.5,10.5,0.2,S,2008,6,177,26
2008-07-03,-5.95054,0.86,5.2,0.0167,6.300000000000001,1960000.0,8.700000000000001,2710000.0,3.230000000000018,0.2100000000000363,3.2100000000000364,0.2300000000000182,23.6,217.3,5.800000000000001,23.3,192.9,84.30000000000001,26.4,-2.0,7.9,4.6,S,2008,7,185,27
2008-07-11,-8.60976,0.54,1.2000000000000002,0.0198,7.1000000000000005,2210000.0,9.8,3050000.0,0.0,2.670000000000016,0.0,2.470000000000028,255.8,309.6,278.8,261.90000000000003,252.8,169.3,72.4,2.2,6.0,17.6,S,2008,7,193,28
2008-07-19,-0.664099,0.88,4.800000000000001,0.0215,7.800000000000001,2430000.0,11.3,3510000.0,2.3700000000000045,-0.1499999999999772,2.0300000000000296,-0.5299999999999727,34.0,194.1,13.4,30.3,167.0,65.7,24.700000000000003,0.0,11.5,10.0,NS,2008,7,201,29
2008-07-27,0.412511,0.85,4.9,0.0209,7.800000000000001,2440000.0,11.7,3620000.0,3.2900000000000205,-0.3699999999999477,2.970000000000028,0.0,31.4,257.8,7.2,29.8,247.4,95.0,37.1,-0.5,9.3,0.4,NS,2008,7,209,30
2008-08-04,-1.53276,0.92,6.0,0.0196,8.0,2480000.0,11.7,3650000.0,4.490000000000009,-9.66999999999996,4.170000000000016,0.0,26.3,192.1,3.9,24.200000000000003,148.1,59.900000000000006,14.2,0.1,11.7,1.2,NS,2008,8,217,32
2008-08-12,-4.54449,0.36,0.9,0.016,6.300000000000001,1960000.0,9.8,3050000.0,0.0,-1.009999999999991,0.0,-0.9499999999999886,120.5,320.40000000000003,101.3,119.5,227.3,67.4,27.3,2.5,7.4,1.2,S,2008,8,225,33
2008-08-20,-1.83697,0.85,3.5,0.0328,9.7,3010000.0,20.1,6220000.0,5.970000000000027,-0.1899999999999977,5.890000000000043,-0.5099999999999909,51.2,299.7,15.8,46.1,224.0,91.3,28.6,-1.3,11.8,0.0,S,2008,8,233,34
2008-08-28,-1.50976,0.77,2.3000000000000003,0.0359,9.0,2770000.0,21.700000000000003,6720000.0,5.7900000000000205,1.6900000000000546,8.250000000000057,1.170000000000016,36.3,204.3,11.7,30.8,194.5,102.7,40.900000000000006,-3.0,14.0,0.0,NS,2008,8,241,35
2008-09-05,-3.15619,0.8300000000000001,2.9000000000000004,0.0453,11.6,3590000.0,28.0,8670000.0,9.03000000000003,0.9900000000000092,8.53000000000003,1.7500000000000568,34.1,178.20000000000002,15.5,28.200000000000003,195.3,118.5,54.6,1.4,14.2,0.8,S,2008,9,249,36
2008-09-13,-1.10853,0.85,4.2,0.0578,17.8,5500000.0,33.800000000000004,10450000.0,13.990000000000007,3.390000000000043,15.370000000000005,3.330000000000041,36.6,204.1,15.1,32.0,229.0,132.1,59.5,9.5,23.7,0.0,NS,2008,9,257,37
2008-09-21,-0.78472,0.6900000000000001,2.3000000000000003,0.056,14.2,4370000.0,39.1,12080000.0,13.890000000000043,5.430000000000007,14.490000000000007,4.850000000000023,36.8,179.0,16.6,31.200000000000003,207.1,134.1,61.2,1.0,18.2,0.0,NS,2008,9,265,38
2008-09-29,-2.56949,0.85,4.1000000000000005,0.0684,20.700000000000003,6380000.0,37.7,11620000.0,15.29000000000002,5.53000000000003,15.210000000000036,5.110000000000014,31.5,185.7,9.4,26.200000000000003,206.6,112.2,47.3,2.5,15.0,0.0,S,2008,9,273,40
2008-10-07,-3.29432,0.79,3.2,0.0753,20.4,6280000.0,45.0,13880000.0,14.390000000000043,4.810000000000002,15.750000000000057,4.190000000000055,31.5,170.5,14.4,27.1,193.4,120.8,55.6,-0.2,11.8,1.8,S,2008,10,281,41
2008-10-15,-6.07119,0.8,3.3000000000000003,0.0758,21.3,6570000.0,49.6,15270000.0,16.870000000000005,5.53000000000003,17.590000000000032,5.3700000000000045,34.4,175.70000000000002,15.2,29.700000000000003,219.6,133.6,61.3,1.4,18.0,0.0,S,2008,10,289,42
2008-10-23,-1.62894,0.84,3.9,0.0833,26.200000000000003,8070000.0,49.3,15150000.0,17.810000000000002,7.610000000000014,16.470000000000027,7.270000000000039,26.6,182.9,9.4,22.6,205.6,109.3,45.7,-1.5,18.0,0.0,NS,2008,10,297,43
2008-10-31,-3.23033,0.8300000000000001,4.3,0.0832,27.200000000000003,8380000.0,49.900000000000006,15340000.0,15.53000000000003,7.190000000000055,16.950000000000045,6.710000000000036,43.6,249.1,15.2,37.2,280.5,152.20000000000002,73.4,17.7,24.7,0.4,S,2008,10,305,44
2008-11-08,-1.01553,0.8200000000000001,4.2,0.0973,32.800000000000004,10050000.0,62.400000000000006,19150000.0,19.930000000000007,9.670000000000016,21.430000000000007,9.210000000000036,45.6,225.1,20.0,40.1,252.9,167.5,75.8,9.8,16.0,28.2,NS,2008,11,313,45
2008-11-16,-3.31741,0.81,4.1000000000000005,0.0689,23.5,7250000.0,41.7,12850000.0,20.370000000000005,5.970000000000027,19.670000000000016,5.630000000000052,45.5,223.9,17.7,38.6,272.0,169.20000000000002,86.80000000000001,3.5,22.5,0.0,S,2008,11,321,46
2008-11-24,-4.812,0.84,4.6000000000000005,0.0976,30.3,9310000.0,52.1,16040000.0,15.890000000000043,6.8700000000000045,17.630000000000052,5.9500000000000455,45.2,250.3,16.8,39.6,285.40000000000003,163.3,74.10000000000001,4.0,19.5,2.2,S,2008,11,329,48
2008-12-02,-2.00179,0.85,4.800000000000001,0.1005,35.0,10740000.0,62.1,19080000.0,18.19000000000005,6.990000000000009,20.71000000000004,6.490000000000009,31.0,178.5,12.0,27.1,225.2,133.3,62.2,4.2,22.3,0.2,S,2008,12,337,49
2008-12-10,-1.14217,0.8300000000000001,4.3,0.0885,29.0,8930000.0,50.2,15460000.0,16.49000000000001,7.090000000000032,19.590000000000032,6.350000000000023,38.2,255.9,14.3,34.9,252.4,132.1,55.2,12.5,27.4,3.6,NS,2008,12,345,50
2008-12-18,-1.00189,0.84,4.4,0.1048,36.7,11270000.0,69.0,21150000.0,21.73000000000001,9.510000000000048,21.77000000000004,8.970000000000027,41.6,212.1,18.1,36.9,241.6,161.20000000000002,74.4,11.2,22.7,15.0,NS,2008,12,353,51
2008-12-26,5.88895,0.86,5.1000000000000005,0.0714,27.5,11240000.0,47.2,19300000.0,19.57000000000005,11.57000000000005,22.71000000000004,11.190000000000056,18.2,180.7,5.2,17.3,188.9,91.4,32.300000000000004,12.3,31.0,0.0,NS,2008,12,361,52
2009-01-01,-3.08154,0.87,5.2,0.0796,39.6,12120000.0,70.9,21680000.0,22.65000000000004,12.090000000000032,23.23000000000001,12.050000000000011,29.700000000000003,180.4,12.1,26.3,216.5,123.6,56.1,7.0,24.8,0.0,S,2009,1,1,1
2009-01-09,-1.18553,0.78,3.7,0.0675,29.9,9140000.0,69.2,21150000.0,24.870000000000005,13.750000000000057,24.77000000000004,14.010000000000048,41.5,213.3,18.5,36.6,238.4,150.1,72.9,8.6,25.7,0.0,NS,2009,1,9,2
2009-01-17,-2.69364,0.87,5.2,0.0789,40.7,12430000.0,68.3,20840000.0,22.370000000000005,13.630000000000052,23.13000000000005,12.970000000000027,39.5,195.9,18.0,34.9,235.6,139.1,65.2,7.8,26.8,0.0,S,2009,1,17,3
2009-01-25,-0.656114,0.86,5.0,0.0381,31.0,9420000.0,72.2,21930000.0,27.03000000000003,17.710000000000036,27.07000000000005,16.950000000000045,40.6,211.0,18.1,36.5,231.2,148.1,67.8,9.8,31.3,0.0,NS,2009,1,25,4
2009-02-02,-3.65568,0.87,4.9,0.0356,27.0,8210000.0,65.7,19940000.0,26.15000000000004,17.890000000000043,27.390000000000043,18.19000000000005,34.4,201.3,13.8,30.8,215.4,128.70000000000002,59.0,17.4,35.0,0.0,S,2009,2,33,6
2009-02-10,-6.71071,0.9,5.800000000000001,0.0871,33.1,10160000.0,47.7,14650000.0,17.430000000000007,9.230000000000018,17.430000000000007,8.690000000000055,25.0,206.0,8.3,23.0,203.3,106.5,43.2,8.8,27.0,1.0,S,2009,2,41,7
2009-02-18,-3.17895,0.88,5.2,0.0662,33.6,10270000.0,54.1,16540000.0,21.510000000000048,12.930000000000009,21.71000000000004,12.390000000000043,37.3,205.8,15.2,32.2,214.6,131.4,59.2,14.5,28.2,0.0,S,2009,2,49,8
2009-02-26,-5.30768,0.88,5.7,0.0701,29.1,8920000.0,47.5,14540000.0,17.970000000000027,8.250000000000057,18.31,8.750000000000057,24.1,236.8,7.2,22.8,214.6,94.9,36.8,7.9,30.5,0.0,S,2009,2,57,9
2009-03-06,-4.86568,0.88,4.6000000000000005,0.0707,26.8,8200000.0,42.900000000000006,13140000.0,17.890000000000043,10.350000000000025,18.53000000000003,10.590000000000032,34.4,215.4,12.9,28.700000000000003,212.8,113.1,45.2,2.5,22.8,0.0,S,2009,3,65,10
2009-03-14,2.53912,0.87,4.9,0.0665,26.5,8130000.0,43.2,13260000.0,16.470000000000027,9.050000000000011,16.890000000000043,8.650000000000034,29.0,221.5,8.8,24.9,215.3,91.3,32.2,12.2,25.0,6.2,NS,2009,3,73,11
2009-03-22,-1.85721,0.89,5.0,0.0549,26.1,7990000.0,37.6,11500000.0,18.13000000000005,11.390000000000043,19.65000000000004,11.550000000000011,27.9,207.8,5.5,22.200000000000003,214.8,102.0,38.8,11.8,26.0,0.0,S,2009,3,81,12
2009-03-30,-2.86211,0.9,6.0,0.0679,25.4,7790000.0,34.1,10470000.0,17.130000000000052,7.53000000000003,19.19000000000005,8.050000000000011,30.3,224.9,9.6,26.5,228.0,113.3,45.2,7.0,28.7,0.0,S,2009,3,89,14
2009-04-07,-1.99315,0.9,5.800000000000001,0.0596,21.8,6710000.0,29.6,9100000.0,13.730000000000018,7.210000000000036,14.910000000000023,6.270000000000039,30.1,197.4,6.9,24.200000000000003,219.0,106.6,48.3,1.8,21.87,0.0,S,2009,4,97,15
2009-04-15,-0.926367,0.9,6.6000000000000005,0.0642,21.3,6570000.0,27.6,8490000.0,12.57000000000005,4.930000000000007,12.53000000000003,4.590000000000032,28.0,220.7,9.5,25.700000000000003,202.7,101.0,37.6,9.5,20.0,0.0,NS,2009,4,105,16
2009-04-23,-2.17079,0.9,5.800000000000001,0.0282,10.9,3390000.0,13.1,4060000.0,10.210000000000036,1.8900000000000432,13.310000000000002,0.8900000000000432,25.4,193.3,8.8,22.5,187.8,94.6,35.9,4.2,21.0,0.0,S,2009,4,113,17
2009-05-01,-0.705275,0.9,6.5,0.0488,15.9,4920000.0,20.0,6170000.0,9.190000000000056,3.670000000000016,9.910000000000023,2.730000000000018,23.4,209.2,4.4,20.9,202.7,84.7,30.6,-0.6,15.2,0.0,NS,2009,5,121,18
2009-05-09,-1.98586,0.9,5.9,0.0345,12.6,3890000.0,14.6,4500000.0,8.79000000000002,3.250000000000057,11.410000000000023,2.970000000000028,24.200000000000003,200.6,8.5,20.9,198.4,89.30000000000001,35.5,0.0,17.8,0.0,S,2009,5,129,19
2009-05-17,-2.01409,0.85,3.2,0.0356,9.0,2770000.0,12.6,3880000.0,8.450000000000045,4.590000000000032,8.430000000000007,5.170000000000016,23.3,205.6,6.5,19.200000000000003,179.5,84.9,27.200000000000003,-1.0,12.6,0.0,S,2009,5,137,20
2009-05-25,-2.6083,0.87,5.4,0.0254,7.9,2460000.0,10.2,3170000.0,6.590000000000032,1.7900000000000205,5.850000000000023,1.2900000000000205,23.5,246.7,9.2,24.200000000000003,201.3,86.60000000000001,28.700000000000003,3.6,17.3,0.0,S,2009,5,145,22
2009-06-02,-0.187974,0.31,0.7000000000000001,0.0196,7.2,2220000.0,8.6,2680000.0,0.0,2.550000000000012,0.0,1.7500000000000568,111.3,270.3,94.7,112.2,232.3,164.10000000000002,129.3,4.8,13.8,0.2,NS,2009,6,153,23
2009-06-10,0.0613733,0.89,5.0,0.0223,8.1,2510000.0,10.4,3240000.0,3.550000000000012,0.8500000000000227,3.090000000000032,0.5500000000000114,25.4,241.4,2.5,22.700000000000003,158.5,62.2,13.7,0.7,7.8,12.4,NS,2009,6,161,24
2009-06-18,-2.78955,0.9,6.6000000000000005,0.0264,10.7,3310000.0,12.4,3830000.0,5.670000000000016,3.410000000000025,5.550000000000011,2.7100000000000364,24.6,215.6,6.9,22.8,179.4,61.8,24.700000000000003,-2.9,12.8,0.0,S,2009,6,169,25
2009-06-26,-2.99007,0.62,1.4,0.0139,8.1,2530000.0,9.0,2790000.0,5.03000000000003,0.0,0.0,0.0,66.10000000000001,175.8,67.0,69.3,174.0,95.8,67.4,4.3,13.7,2.4,S,2009,6,177,26
2009-07-04,-3.46311,0.9,6.800000000000001,0.0224,9.0,2790000.0,11.3,3500000.0,3.550000000000012,0.1700000000000159,3.3700000000000045,0.4900000000000091,26.6,231.3,9.3,26.3,180.4,61.2,18.8,3.2,8.0,0.0,S,2009,7,185,27
2009-07-12,0.471954,0.9,5.7,0.0214,8.4,2610000.0,10.8,3360000.0,3.6100000000000136,1.1300000000000523,4.03000000000003,1.4700000000000273,15.7,216.9,2.6,15.6,202.1,71.2,24.9,6.0,13.5,0.8,NS,2009,7,193,28
2009-07-20,-2.48209,0.24,0.4,0.0253,8.8,2720000.0,11.9,3680000.0,4.470000000000027,-0.0899999999999749,4.890000000000043,-0.75,21.700000000000003,203.5,7.6,19.8,180.5,79.7,25.700000000000003,3.0,13.5,0.2,S,2009,7,201,30
2009-07-28,2.25636,0.61,1.4,0.0211,8.1,2510000.0,10.6,3310000.0,1.910000000000025,0.3300000000000409,0.0,0.410000000000025,48.8,158.70000000000002,50.1,50.5,152.70000000000002,92.3,55.7,2.5,8.3,3.4,NS,2009,7,209,31
2009-08-05,1.0296,0.86,5.2,0.0252,8.200000000000001,2550000.0,12.8,3960000.0,4.630000000000052,-0.0499999999999545,4.130000000000052,-0.25,27.3,253.5,6.300000000000001,26.8,223.2,82.80000000000001,28.0,2.1,12.4,0.2,NS,2009,8,217,32
2009-08-13,1.14334,0.84,3.1,0.0359,9.7,3000000.0,17.7,5480000.0,7.930000000000007,2.050000000000012,8.250000000000057,1.7900000000000205,23.1,179.9,7.9,20.700000000000003,173.4,83.5,32.2,5.1,9.8,4.6,NS,2009,8,225,33
2009-08-21,4.54147,0.81,3.5,0.0328,10.4,3230000.0,17.900000000000002,5560000.0,6.970000000000027,2.8500000000000227,7.110000000000014,2.650000000000034,24.6,190.6,7.4,22.6,196.3,78.4,28.8,8.7,9.7,1.4,NS,2009,8,233,34
2009-08-29,1.31695,0.9,5.6000000000000005,0.0456,15.6,4830000.0,23.200000000000003,7180000.0,8.110000000000014,1.1100000000000136,8.270000000000039,1.1300000000000523,21.5,204.9,6.6000000000000005,20.200000000000003,207.6,91.8,30.8,8.0,16.5,2.6,NS,2009,8,241,35
2009-09-06,-4.82389,0.84,4.0,0.0494,15.1,4680000.0,26.8,8290000.0,9.07000000000005,5.53000000000003,9.77000000000004,5.730000000000018,32.2,189.9,9.1,28.1,206.1,106.5,45.900000000000006,-1.5,15.4,0.0,S,2009,9,249,36
2009-09-14,-2.64012,0.79,3.2,0.0576,15.7,4860000.0,33.0,10180000.0,12.310000000000002,5.010000000000048,12.57000000000005,4.650000000000034,30.4,173.70000000000002,12.7,26.700000000000003,189.5,114.5,50.400000000000006,1.8,17.0,0.6,S,2009,9,257,38
2009-09-22,-1.47619,0.8,3.4000000000000004,0.0391,13.5,4180000.0,24.0,7440000.0,12.350000000000025,2.0300000000000296,12.57000000000005,3.07000000000005,32.4,225.7,11.1,30.8,233.0,109.1,42.400000000000006,9.2,19.0,5.4,NS,2009,9,265,39
2009-09-30,-4.92137,0.85,4.1000000000000005,0.0505,16.900000000000002,5230000.0,27.8,8600000.0,8.53000000000003,0.2700000000000386,9.170000000000016,0.0900000000000318,124.3,287.6,96.2,120.7,150.9,63.2,26.9,0.7,18.5,0.0,S,2009,9,273,40
2009-10-08,-2.81765,0.74,2.7,0.0398,13.1,4060000.0,26.3,8130000.0,10.29000000000002,2.950000000000045,10.130000000000052,3.1100000000000136,35.9,191.6,16.3,31.4,208.1,126.6,56.8,2.0,13.8,0.0,S,2009,10,281,41
2009-10-16,-0.775035,0.86,4.2,0.0916,27.4,8440000.0,49.8,15350000.0,17.79000000000002,7.350000000000023,17.57000000000005,6.690000000000055,34.4,246.8,8.9,30.700000000000003,267.0,142.5,62.2,2.7,12.5,8.2,NS,2009,10,289,42
2009-10-24,-3.07259,0.68,2.6,0.0702,21.1,6490000.0,50.6,15560000.0,17.510000000000048,6.150000000000034,18.99000000000001,6.730000000000018,29.0,188.4,10.0,24.4,217.0,126.3,54.0,3.0,22.2,0.0,S,2009,10,297,43
2009-11-01,-2.08909,0.87,5.5,0.0995,35.2,10800000.0,54.0,16570000.0,20.370000000000005,9.170000000000016,21.090000000000032,8.490000000000009,37.5,238.7,14.3,34.5,244.5,139.6,59.6,13.5,30.0,0.0,S,2009,11,305,44
2009-11-09,-2.38847,0.85,4.800000000000001,0.0966,38.0,11610000.0,64.2,19650000.0,24.870000000000005,13.110000000000014,26.970000000000027,12.930000000000009,41.900000000000006,208.3,18.5,36.3,251.0,153.70000000000002,75.0,8.8,29.2,0.0,S,2009,11,313,46
2009-11-17,-4.57169,0.71,2.9000000000000004,0.0567,21.1,6450000.0,45.7,13990000.0,26.610000000000014,13.150000000000034,26.390000000000043,12.910000000000023,43.6,194.5,19.3,37.0,222.7,158.0,78.5,6.7,29.0,0.0,S,2009,11,321,47
2009-11-25,0.113066,0.87,5.2,0.1013,34.1,10470000.0,55.2,16950000.0,20.370000000000005,8.630000000000052,21.23000000000001,8.270000000000039,54.7,249.7,18.1,47.5,264.5,145.20000000000002,69.2,12.1,30.9,0.0,NS,2009,11,329,48
2009-12-03,-5.97217,0.89,6.2,0.1017,40.400000000000006,12390000.0,62.5,19180000.0,19.430000000000007,8.850000000000023,20.69000000000005,8.07000000000005,40.6,189.0,17.900000000000002,34.7,220.9,154.10000000000002,72.60000000000001,6.8,27.4,0.0,S,2009,12,337,49
2009-12-11,-4.37271,0.79,3.8,0.0938,33.4,10250000.0,70.2,21500000.0,21.69000000000005,11.33000000000004,21.590000000000032,11.090000000000032,42.900000000000006,216.3,18.8,38.1,237.6,157.9,74.10000000000001,7.5,19.8,0.8,S,2009,12,345,50
2009-12-19,-2.24051,0.87,5.2,0.0802,37.7,11540000.0,61.2,18730000.0,23.170000000000016,12.970000000000027,22.670000000000016,12.430000000000009,37.4,195.9,16.400000000000002,33.300000000000004,218.3,141.6,64.2,6.4,27.2,0.0,S,2009,12,353,51
2009-12-27,-0.743737,0.85,4.6000000000000005,0.0618,24.4,11950000.0,41.1,20100000.0,23.53000000000003,15.550000000000011,24.81,15.07000000000005,45.3,245.2,20.1,42.1,256.8,157.8,71.60000000000001,15.3,24.5,0.0,NS,2009,12,361,52
2010-01-01,-2.32433,0.87,5.5,0.0962,41.900000000000006,12820000.0,67.9,20770000.0,22.15000000000004,13.33000000000004,22.950000000000045,12.79000000000002,41.400000000000006,247.8,17.6,39.3,252.9,152.0,64.7,19.3,28.9,0.0,S,2010,1,1,53
2010-01-09,-1.71558,0.88,5.6000000000000005,0.0658,39.900000000000006,12160000.0,66.4,20250000.0,24.390000000000043,15.750000000000057,24.410000000000025,15.630000000000052,29.1,179.5,12.1,25.3,206.1,119.7,47.0,15.6,34.5,0.0,NS,2010,1,9,1
2010-01-17,-1.62689,0.87,4.9,0.0777,36.6,11190000.0,67.5,20640000.0,24.07000000000005,10.33000000000004,24.750000000000057,10.010000000000048,37.9,196.7,16.2,33.1,214.2,135.0,60.2,15.6,24.0,0.0,NS,2010,1,17,2
2010-01-25,-1.43456,0.86,5.2,0.0596,37.0,11290000.0,64.9,19790000.0,23.83000000000004,15.710000000000036,24.33000000000004,16.150000000000034,41.3,221.9,15.3,35.2,237.7,146.1,68.0,12.0,34.0,0.0,NS,2010,1,25,4
2010-02-02,-5.09882,0.8300000000000001,4.5,0.0678,28.8,8810000.0,47.3,14460000.0,22.77000000000004,0.0,24.350000000000023,13.450000000000044,36.8,241.1,10.1,32.4,259.90000000000003,137.8,53.900000000000006,11.4,31.5,0.0,S,2010,2,33,5
2010-02-10,-0.518121,0.85,4.1000000000000005,0.0737,27.4,8380000.0,44.3,13580000.0,20.590000000000032,12.110000000000014,20.71000000000004,11.130000000000052,38.6,252.1,13.4,36.2,261.1,137.6,58.3,16.6,33.0,0.0,NS,2010,2,41,6
2010-02-18,0.314079,0.86,4.5,0.0928,32.6,9970000.0,53.1,16270000.0,19.49000000000001,12.170000000000016,19.57000000000005,11.350000000000025,35.800000000000004,231.4,13.6,32.5,228.2,130.4,52.8,11.0,28.8,0.0,NS,2010,2,49,7
2010-02-26,-0.879216,0.78,3.1,0.0697,22.1,6780000.0,45.5,13930000.0,17.49000000000001,11.110000000000014,18.930000000000007,11.130000000000052,34.6,208.5,13.3,29.9,236.0,128.1,58.1,8.5,27.8,0.0,NS,2010,2,57,8
2010-03-06,2.41098,0.85,4.1000000000000005,0.0841,25.700000000000003,7890000.0,42.6,13090000.0,15.990000000000007,8.79000000000002,16.630000000000052,8.410000000000025,31.6,221.6,10.3,29.0,230.6,112.9,51.8,17.0,28.2,28.2,NS,2010,3,65,9
2010-03-14,-3.07961,0.87,4.9,0.0717,28.200000000000003,8640000.0,46.1,14110000.0,18.350000000000023,10.870000000000005,19.870000000000005,9.910000000000023,30.4,211.8,10.3,27.9,211.2,116.3,47.900000000000006,5.8,23.5,0.0,S,2010,3,73,10
2010-03-22,0.453855,0.87,4.800000000000001,0.0606,24.9,7620000.0,39.3,12030000.0,17.53000000000003,11.250000000000057,18.170000000000016,10.29000000000002,30.3,195.1,12.2,25.6,196.5,111.0,44.8,9.06,24.0,0.0,NS,2010,3,81,12
2010-03-30,1.14457,0.85,4.0,0.0667,20.1,6170000.0,32.1,9850000.0,14.710000000000036,9.010000000000048,14.27000000000004,8.390000000000043,31.700000000000003,253.3,12.2,30.0,230.7,111.6,41.400000000000006,8.129999999999999,24.1,14.4,NS,2010,3,89,13
2010-04-07,2.69775,0.91,5.9,0.0567,17.8,5480000.0,26.3,8110000.0,8.150000000000034,5.710000000000036,13.230000000000018,5.210000000000036,16.6,230.0,4.1000000000000005,17.2,195.1,81.9,20.3,14.2,19.5,0.4,NS,2010,4,97,14
2010-04-15,0.19674,0.89,5.300000000000001,0.0592,20.4,6280000.0,27.8,8530000.0,15.810000000000002,9.57000000000005,15.870000000000005,8.510000000000048,28.5,208.7,7.800000000000001,25.5,215.6,106.1,41.0,2.7,21.7,0.0,NS,2010,4,105,15
2010-04-23,-0.187007,0.87,5.6000000000000005,0.0411,14.5,4470000.0,18.8,5810000.0,9.510000000000048,4.150000000000034,10.33000000000004,4.3700000000000045,19.8,176.60000000000002,6.5,16.3,171.0,83.4,28.1,9.0,25.0,0.0,NS,2010,4,113,16
2010-05-01,-4.19793,0.9,6.9,0.0438,16.2,4990000.0,18.7,5770000.0,9.590000000000032,3.490000000000009,10.250000000000057,2.8100000000000023,30.4,249.6,12.4,28.200000000000003,239.4,102.1,42.3,2.5,18.5,0.0,S,2010,5,121,17
2010-05-09,-2.01057,0.87,5.4,0.0395,13.6,4220000.0,17.5,5410000.0,8.210000000000036,3.790000000000021,7.170000000000016,3.1100000000000136,22.4,222.5,3.4000000000000004,21.1,222.2,93.9,38.1,2.0,17.5,0.0,S,2010,5,129,18
2010-05-17,-2.94215,0.87,5.4,0.0326,12.2,3770000.0,13.7,4230000.0,7.210000000000036,1.2900000000000205,7.79000000000002,0.7300000000000182,23.9,192.0,8.200000000000001,21.200000000000003,196.7,86.80000000000001,28.5,2.0,16.5,0.0,S,2010,5,137,20
2010-05-25,1.59095,0.9,6.1000000000000005,0.0276,11.2,3460000.0,12.2,3790000.0,7.53000000000003,3.3500000000000227,5.770000000000039,3.470000000000028,31.6,381.8,5.800000000000001,28.9,331.3,120.5,39.7,4.5,14.0,1.4,NS,2010,5,145,21
2010-06-02,-5.33537,0.9,5.800000000000001,0.0248,9.9,3050000.0,11.7,3630000.0,6.970000000000027,2.5300000000000296,6.670000000000016,2.330000000000041,20.6,191.8,3.6,18.6,193.2,79.7,37.1,0.2,13.9,0.0,S,2010,6,153,22
2010-06-10,-1.55376,0.89,5.800000000000001,0.0181,8.4,2600000.0,10.1,3140000.0,4.390000000000043,-0.4099999999999681,4.490000000000009,-0.8699999999999477,19.4,167.0,5.6000000000000005,15.8,152.8,68.5,19.1,2.1,9.3,4.8,NS,2010,6,161,23
2010-06-18,1.10224,0.88,5.7,0.0205,9.6,2970000.0,10.8,3340000.0,6.150000000000034,2.670000000000016,5.930000000000007,2.430000000000007,20.8,196.4,7.1000000000000005,19.200000000000003,173.5,72.10000000000001,21.200000000000003,3.4,7.5,9.4,NS,2010,6,169,24
2010-06-26,-0.097811,0.9,5.800000000000001,0.0159,8.1,2530000.0,10.2,3160000.0,-0.1099999999999568,-0.7299999999999613,-0.3899999999999863,-1.0499999999999543,15.1,194.3,2.3000000000000003,14.0,156.70000000000002,54.8,11.0,5.5,8.2,15.4,NS,2010,6,177,25
2010-07-04,-3.27033,0.9,6.9,0.0241,10.8,3340000.0,12.9,4010000.0,4.7900000000000205,0.2900000000000204,4.590000000000032,-0.1299999999999954,19.700000000000003,188.4,4.3,15.6,168.5,70.8,21.8,-4.2,10.8,0.0,S,2010,7,185,26
2010-07-12,-3.28302,0.84,3.1,0.0184,5.2,1620000.0,8.6,2680000.0,3.930000000000007,-0.0099999999999909,3.690000000000055,-0.3899999999999863,29.4,239.7,9.2,25.6,200.1,67.9,24.9,-0.7,14.0,0.4,S,2010,7,193,28
2010-07-20,-2.90815,0.76,2.2,0.025,5.7,1770000.0,14.6,4520000.0,4.430000000000007,0.2900000000000204,4.610000000000014,0.1700000000000159,18.6,184.8,5.7,16.7,165.4,70.5,21.700000000000003,-1.6,9.9,0.8,S,2010,7,201,29
2010-07-28,-1.37783,0.16,0.4,0.0178,6.7,2080000.0,8.9,2770000.0,5.890000000000043,1.0500000000000114,5.710000000000036,0.0,48.900000000000006,303.1,23.3,47.7,202.0,61.3,12.3,-1.7,12.7,0.0,NS,2010,7,209,30
2010-08-05,-2.33096,0.88,4.7,0.0231,7.9,2440000.0,11.7,3640000.0,4.610000000000014,-1.589999999999975,3.870000000000005,0.0,43.2,225.3,15.2,35.4,175.9,62.900000000000006,21.3,1.2,7.8,2.0,S,2010,8,217,31
2010-08-13,-4.33586,0.92,6.1000000000000005,0.0228,9.0,2810000.0,12.7,3960000.0,4.330000000000041,0.9300000000000068,4.170000000000016,0.0,16.0,255.4,0.4,15.7,199.4,73.0,17.8,-0.5,13.8,1.4,S,2010,8,225,32
2010-08-21,2.03304,0.44,1.1,0.0275,10.4,3220000.0,15.5,4810000.0,3.870000000000005,0.2700000000000386,4.270000000000039,-0.3499999999999659,97.0,308.3,76.3,94.8,163.9,53.400000000000006,14.0,3.5,8.0,4.6,NS,2010,8,233,33
2010-08-29,-3.88982,0.88,4.9,0.0401,13.9,4290000.0,20.200000000000003,6250000.0,6.890000000000043,-0.1899999999999977,0.0,-0.8299999999999841,54.8,379.4,18.0,50.900000000000006,281.1,100.3,30.8,-1.0,11.2,0.0,S,2010,8,241,34
2010-09-06,0.065773,0.75,2.7,0.0412,12.4,3830000.0,24.3,7510000.0,6.810000000000002,2.1900000000000546,7.550000000000011,1.8500000000000227,24.200000000000003,178.70000000000002,6.9,20.3,172.3,81.10000000000001,29.1,5.4,10.1,4.6,NS,2010,9,249,36
2010-09-14,-2.93999,0.84,3.9,0.05,15.0,4640000.0,28.4,8780000.0,9.750000000000057,3.710000000000037,10.730000000000018,3.07000000000005,31.0,179.0,11.9,24.4,184.4,102.3,42.1,2.3,16.7,0.0,S,2010,9,257,37
2010-09-22,-1.55294,0.8300000000000001,3.8,0.0616,17.400000000000002,5380000.0,33.9,10470000.0,11.990000000000007,2.550000000000012,11.850000000000025,2.2900000000000205,33.2,203.5,11.0,27.200000000000003,237.5,119.6,52.5,7.3,17.7,0.0,NS,2010,9,265,38
2010-09-30,-1.88088,0.84,3.9,0.0735,21.1,6520000.0,39.1,12060000.0,13.550000000000011,5.090000000000032,18.07000000000005,4.130000000000052,30.700000000000003,249.6,10.8,28.0,243.9,115.4,40.5,-2.9,14.0,0.6,S,2010,9,273,39
2010-10-08,-4.59238,0.73,3.1,0.053,17.7,5450000.0,30.3,9330000.0,14.690000000000056,5.53000000000003,15.990000000000007,5.03000000000003,33.7,209.6,9.1,25.5,233.5,144.3,61.2,0.2,17.5,0.0,S,2010,10,281,40
2010-10-16,-1.34845,0.73,3.1,0.0636,19.700000000000003,6070000.0,38.900000000000006,12000000.0,15.410000000000023,6.170000000000016,15.970000000000027,5.610000000000014,36.5,199.4,14.2,31.6,234.1,134.9,63.900000000000006,0.0,9.3,81.0,NS,2010,10,289,41
2010-10-24,-3.90385,0.79,3.6,0.0799,24.5,7550000.0,45.400000000000006,13970000.0,17.690000000000055,6.7900000000000205,19.23000000000001,6.690000000000055,174.3,394.4,160.60000000000002,165.8,376.7000000000001,245.3,143.0,8.85,20.1,4.0,S,2010,10,297,42
2010-11-01,-1.88577,0.91,6.0,0.0793,25.0,7700000.0,44.8,13830000.0,10.310000000000002,3.550000000000012,12.350000000000025,3.1300000000000523,13.6,200.0,7.1000000000000005,11.3,180.7,87.0,28.1,9.6,15.4,0.4,S,2010,11,305,44
2010-11-09,-5.19977,0.85,4.7,0.0682,25.8,7930000.0,37.5,11520000.0,18.79000000000002,13.110000000000014,19.950000000000045,13.130000000000052,38.0,250.5,13.7,35.7,282.1,148.70000000000002,63.7,10.7,25.7,2.0,S,2010,11,313,45
2010-11-17,-2.37801,0.81,4.0,0.1094,33.6,10310000.0,62.8,19270000.0,21.77000000000004,9.57000000000005,21.870000000000005,9.03000000000003,39.7,190.5,17.6,33.4,246.0,154.0,74.7,4.8,21.2,0.0,S,2010,11,321,46
2010-11-25,-2.95038,0.2,0.5,0.0645,25.5,7830000.0,36.0,11080000.0,0.0,10.090000000000032,0.0,9.090000000000032,136.3,257.90000000000003,137.1,141.5,289.5,188.4,113.3,14.0,25.4,0.0,S,2010,11,329,47
2010-12-03,-3.00425,0.21,0.5,0.0892,33.300000000000004,10230000.0,49.8,15300000.0,0.0,9.730000000000018,11.990000000000007,10.050000000000011,73.5,221.8,83.2,79.0,208.4,120.8,60.900000000000006,12.1,26.8,22.4,S,2010,12,337,48
2010-12-11,-3.94969,0.88,5.5,0.1145,37.3,11480000.0,58.5,17990000.0,18.750000000000057,8.750000000000057,22.03000000000003,9.210000000000036,37.9,215.4,13.0,32.0,244.0,161.9,72.0,6.8,21.0,0.0,S,2010,12,345,49
2010-12-19,0.558028,0.8200000000000001,4.2,0.0988,32.1,9870000.0,56.7,17430000.0,20.79000000000002,9.810000000000002,21.21000000000004,8.990000000000009,36.4,188.7,16.5,31.4,222.6,142.3,64.3,8.2,15.5,7.8,NS,2010,12,353,50
2010-12-27,-2.97601,0.88,5.800000000000001,0.0738,27.8,13630000.0,45.5,22320000.0,22.950000000000045,12.33000000000004,23.71000000000004,12.410000000000023,39.900000000000006,217.8,17.1,36.1,242.4,152.20000000000002,67.8,9.0,21.5,0.0,S,2010,12,361,52
2011-01-01,2.09461,0.88,5.800000000000001,0.1105,41.8,12820000.0,64.60000000000001,19780000.0,21.970000000000027,13.230000000000018,20.930000000000007,12.57000000000005,42.2,291.2,15.9,40.3,299.8,164.60000000000002,67.8,20.0,31.0,0.0,NS,2011,1,1,52
2011-01-09,-2.59804,0.8,3.9,0.0801,32.5,9930000.0,53.0,16210000.0,20.250000000000057,15.250000000000057,21.850000000000023,13.910000000000023,31.8,219.1,11.5,28.700000000000003,232.3,135.4,56.0,15.5,31.0,0.0,S,2011,1,9,1
2011-01-17,0.958981,0.68,2.6,0.087,25.5,7810000.0,65.60000000000001,20080000.0,21.430000000000007,13.27000000000004,22.350000000000023,12.690000000000056,23.200000000000003,201.3,8.200000000000001,20.9,223.7,104.3,36.2,16.5,26.4,0.0,NS,2011,1,17,3
2011-01-25,-0.281713,0.87,5.5,0.0935,43.3,13230000.0,71.5,21840000.0,24.07000000000005,15.29000000000002,25.970000000000027,15.53000000000003,34.6,234.4,9.0,30.8,250.9,134.8,53.900000000000006,12.5,30.5,0.0,NS,2011,1,25,4
2011-02-02,-2.72944,0.87,4.9,0.084,32.300000000000004,9900000.0,48.2,14770000.0,18.03000000000003,11.79000000000002,19.950000000000045,10.090000000000032,35.300000000000004,316.70000000000005,10.1,38.0,270.2,126.1,41.0,22.5,31.7,0.0,S,2011,2,33,5
2011-02-10,-2.85295,0.88,4.9,0.0859,32.6,10000000.0,48.6,14890000.0,20.27000000000004,12.090000000000032,20.370000000000005,10.870000000000005,37.3,302.0,12.4,38.2,276.1,136.20000000000002,51.1,13.2,27.8,0.0,S,2011,2,41,6
2011-02-18,0.938134,0.88,5.0,0.0946,32.0,9840000.0,50.0,15340000.0,17.03000000000003,9.590000000000032,17.190000000000055,8.970000000000027,21.4,186.0,7.2,20.8,186.4,96.7,36.3,14.0,29.3,0.4,NS,2011,2,49,7
2011-02-26,-1.08371,0.84,3.9,0.0851,25.700000000000003,7890000.0,45.0,13820000.0,16.890000000000043,8.410000000000025,17.350000000000023,7.910000000000025,31.3,211.0,12.4,27.1,211.2,116.8,46.5,11.0,28.0,0.0,NS,2011,2,57,8
2011-03-06,-4.52681,0.85,4.2,0.0755,26.4,8100000.0,40.900000000000006,12560000.0,16.910000000000025,10.490000000000007,16.99000000000001,10.230000000000018,34.1,254.0,12.9,31.700000000000003,265.2,126.5,51.5,9.5,24.0,0.0,S,2011,3,65,9
2011-03-14,0.576696,0.93,6.2,0.0735,24.5,7520000.0,38.8,11900000.0,17.29000000000002,11.210000000000036,16.970000000000027,6.630000000000052,22.9,203.1,5.800000000000001,20.8,221.8,109.1,42.400000000000006,16.5,25.5,15.6,NS,2011,3,73,11
2011-03-22,-0.835695,0.84,3.8,0.0694,21.200000000000003,6530000.0,33.6,10340000.0,14.430000000000009,7.410000000000025,14.050000000000011,6.510000000000048,22.700000000000003,199.0,11.4,23.0,225.3,102.5,46.1,15.0,22.6,9.0,NS,2011,3,81,12
2011-03-30,-2.33315,0.85,4.0,0.0714,20.0,6170000.0,32.800000000000004,10090000.0,15.090000000000032,7.770000000000039,14.890000000000043,7.590000000000032,25.4,189.0,8.700000000000001,22.200000000000003,200.0,104.3,39.5,10.6,23.5,0.0,S,2011,3,89,13
2011-04-07,-1.35076,0.9,5.800000000000001,0.0462,14.8,4580000.0,23.200000000000003,7160000.0,15.150000000000034,6.250000000000057,14.710000000000036,5.550000000000011,24.5,238.3,4.4,20.6,252.5,105.7,40.1,4.5,22.2,0.0,NS,2011,4,97,14
2011-04-15,-3.08341,0.88,5.6000000000000005,0.0483,15.9,4900000.0,22.5,6930000.0,12.170000000000016,5.090000000000032,12.110000000000014,4.470000000000027,24.700000000000003,204.6,7.6,23.200000000000003,196.6,94.3,31.3,0.5,19.0,0.0,S,2011,4,105,15
2011-04-23,-3.19882,0.81,2.7,0.0569,18.5,5700000.0,24.4,7510000.0,10.350000000000025,6.03000000000003,11.110000000000014,5.390000000000043,22.1,180.0,8.700000000000001,18.6,202.0,91.2,37.5,1.8,16.4,0.0,S,2011,4,113,16
2011-05-01,-0.751311,0.9,6.5,0.0373,14.3,4430000.0,16.900000000000002,5230000.0,8.53000000000003,3.850000000000023,0.0,3.390000000000043,30.200000000000003,298.3,8.3,30.0,258.6,113.7,33.800000000000004,4.0,19.5,0.0,NS,2011,5,121,17
2011-05-09,-2.53285,0.87,5.5,0.0232,9.8,3050000.0,12.9,4000000.0,5.350000000000023,0.4700000000000273,7.010000000000048,0.2300000000000182,18.5,174.9,7.2,15.0,193.0,72.9,26.700000000000003,0.0,15.0,0.0,S,2011,5,129,19
2011-05-17,-11.7853,0.87,5.5,0.03,11.9,3680000.0,13.8,4280000.0,8.590000000000032,2.590000000000032,8.250000000000057,2.730000000000018,23.9,217.1,7.6,21.700000000000003,198.7,91.8,31.5,0.9,14.4,0.0,S,2011,5,137,20
2011-05-25,-0.104074,0.9,6.9,0.0326,11.9,3680000.0,15.0,4650000.0,6.53000000000003,2.7700000000000387,6.390000000000043,2.490000000000009,17.2,194.2,2.9000000000000004,14.2,200.2,82.4,27.5,0.9,13.6,0.2,NS,2011,5,145,21
2011-06-02,-1.99381,0.87,5.4,0.0186,8.3,2570000.0,10.3,3200000.0,7.950000000000045,0.9300000000000068,7.690000000000055,0.1300000000000523,20.8,206.2,2.7,18.5,217.0,85.0,29.5,-1.5,17.0,0.0,S,2011,6,153,22
2011-06-10,0.214817,0.91,6.0,0.0245,8.8,2740000.0,11.9,3700000.0,5.57000000000005,2.1900000000000546,4.990000000000009,2.010000000000048,20.8,174.9,6.5,17.1,170.70000000000002,77.5,22.5,1.0,11.5,1.0,NS,2011,6,161,23
2011-06-18,-5.65854,0.92,6.0,0.0122,5.6000000000000005,1730000.0,6.4,2000000.0,5.650000000000034,2.550000000000012,5.590000000000032,2.170000000000016,21.4,193.7,7.0,18.7,184.2,63.8,22.8,2.8,7.5,4.4,S,2011,6,169,24
2011-06-26,0.0295265,0.89,5.7,0.026,8.200000000000001,2540000.0,12.8,3970000.0,5.610000000000014,1.2900000000000205,5.53000000000003,0.8900000000000432,18.4,203.1,7.0,16.3,183.4,79.5,21.4,-2.3,12.5,0.0,NS,2011,6,177,25
2011-07-04,2.66767,0.33,0.8,0.0087,3.9,1230000.0,5.1000000000000005,1580000.0,2.0300000000000296,0.0,0.0,0.0,43.5,372.1,13.6,42.400000000000006,267.90000000000003,99.6,29.9,8.0,12.0,14.0,NS,2011,7,185,27
2011-07-12,-7.51089,0.79,2.5,0.0148,4.5,1410000.0,7.7,2390000.0,1.0300000000000296,-0.589999999999975,1.8500000000000227,0.0,39.6,341.5,8.5,36.1,248.3,99.7,30.9,0.6,7.1,0.0,S,2011,7,193,28
2011-07-20,0.169276,0.88,4.9,0.0226,7.6,2340000.0,10.0,3100000.0,4.270000000000039,-0.6899999999999977,4.690000000000055,-0.9099999999999682,21.0,186.5,2.3000000000000003,19.5,168.4,61.8,22.0,2.0,15.5,0.0,NS,2011,7,201,29
2011-07-28,-2.18655,0.89,5.7,0.0357,10.7,3320000.0,16.400000000000002,5080000.0,7.870000000000003,3.750000000000057,7.610000000000014,4.690000000000055,22.8,176.70000000000002,7.2,18.2,171.8,84.30000000000001,29.0,-5.5,12.7,0.0,S,2011,7,209,30
2011-08-05,-2.41219,0.85,5.1000000000000005,0.0252,8.200000000000001,2530000.0,11.8,3650000.0,7.370000000000003,1.6300000000000523,6.810000000000002,1.1100000000000136,24.1,189.3,6.9,20.8,207.2,84.7,29.6,6.0,18.0,0.0,S,2011,8,217,31
2011-08-13,-2.62441,0.8300000000000001,2.9000000000000004,0.0291,8.0,2470000.0,14.6,4520000.0,7.270000000000039,2.150000000000034,7.730000000000018,1.3500000000000227,29.200000000000003,240.9,9.9,26.6,223.1,105.8,37.2,-2.0,12.5,0.0,S,2011,8,225,32
2011-08-21,-2.73861,0.8300000000000001,2.9000000000000004,0.0513,12.2,3760000.0,24.9,7710000.0,10.27000000000004,3.430000000000007,10.27000000000004,2.650000000000034,28.1,200.3,8.5,23.8,221.0,99.7,41.7,-0.5,16.0,0.0,S,2011,8,233,33
2011-08-29,-2.61426,0.87,4.4,0.0505,15.2,4710000.0,25.3,7830000.0,7.130000000000052,1.650000000000034,8.850000000000023,1.5900000000000318,24.700000000000003,192.6,9.0,21.3,197.7,104.5,37.1,1.0,14.5,0.0,S,2011,8,241,35
2011-09-06,2.96246,0.84,3.1,0.035,9.6,2980000.0,20.1,6240000.0,5.490000000000009,-0.7899999999999636,6.4500000000000455,-1.0699999999999932,16.2,204.2,2.0,15.0,202.0,75.8,24.200000000000003,9.8,12.6,8.4,NS,2011,9,249,36
2011-09-14,-3.23404,0.84,3.9,0.0638,18.3,5650000.0,33.6,10360000.0,13.890000000000043,4.8700000000000045,14.130000000000052,4.610000000000014,26.3,183.1,10.0,22.0,211.2,109.8,46.8,-1.0,18.5,0.0,S,2011,9,257,37
2011-09-22,-3.61474,0.79,3.1,0.0483,13.8,4260000.0,28.700000000000003,8860000.0,13.250000000000057,3.8100000000000014,14.050000000000011,3.710000000000037,31.0,215.0,11.8,26.9,247.9,119.5,53.1,0.0,20.5,0.0,S,2011,9,265,38
2011-09-30,-2.07467,0.79,3.1,0.0513,15.3,4740000.0,29.1,9000000.0,10.650000000000034,1.7100000000000364,9.390000000000043,1.7100000000000364,17.7,200.6,4.5,15.8,196.6,91.4,29.5,5.0,11.5,21.0,S,2011,9,273,39
2011-10-08,-2.30279,0.8200000000000001,3.5,0.0669,19.5,6030000.0,37.3,11510000.0,14.450000000000044,4.53000000000003,17.750000000000057,4.3700000000000045,30.1,175.4,10.7,24.0,211.4,120.5,51.900000000000006,7.5,19.2,0.2,S,2011,10,281,40
2011-10-16,-1.70796,0.84,3.9,0.0868,26.5,8160000.0,51.6,15870000.0,18.250000000000057,7.150000000000034,18.350000000000023,6.130000000000052,36.1,219.0,14.0,31.8,232.5,137.6,58.3,6.5,15.5,0.0,NS,2011,10,289,41
2011-10-24,-2.57227,0.8300000000000001,4.4,0.0786,26.3,8100000.0,43.7,13450000.0,17.190000000000055,6.53000000000003,17.930000000000007,6.050000000000011,35.6,192.4,16.3,30.0,219.1,130.5,55.400000000000006,15.5,27.9,0.0,S,2011,10,297,43
2011-11-01,-3.90942,0.64,2.3000000000000003,0.0725,21.6,6620000.0,53.3,16370000.0,18.170000000000016,8.770000000000039,19.63000000000005,9.370000000000005,26.9,170.20000000000002,11.6,23.0,209.9,114.2,46.400000000000006,7.94,22.0,0.0,S,2011,11,305,44
2011-11-09,-1.91092,0.88,5.5,0.1014,35.9,11020000.0,55.5,17050000.0,19.65000000000004,9.370000000000005,19.750000000000057,8.730000000000018,22.6,169.20000000000002,9.1,20.1,192.2,107.5,43.2,14.5,26.7,1.4,S,2011,11,313,45
2011-11-17,-3.93647,0.68,2.6,0.0682,20.200000000000003,6220000.0,49.6,15230000.0,12.510000000000048,11.27000000000004,13.750000000000057,11.090000000000032,13.9,178.20000000000002,4.5,12.4,175.60000000000002,84.10000000000001,26.6,9.5,25.0,3.8,S,2011,11,321,46
2011-11-25,2.12829,0.84,4.5,0.0832,28.5,8770000.0,47.0,14460000.0,15.730000000000018,7.470000000000027,13.670000000000016,6.850000000000023,33.5,262.40000000000003,5.9,30.5,283.7,143.4,51.8,12.0,17.5,10.6,NS,2011,11,329,47
2011-12-03,1.1569,0.72,2.9000000000000004,0.0852,24.8,7630000.0,56.7,17450000.0,17.610000000000014,6.270000000000039,17.99000000000001,5.650000000000034,39.2,197.3,17.7,33.5,250.1,146.6,67.0,6.0,23.0,0.0,NS,2011,12,337,48
2011-12-11,-0.553486,0.81,4.1000000000000005,0.0956,30.200000000000003,9280000.0,53.900000000000006,16550000.0,17.890000000000043,8.850000000000023,19.31,8.130000000000052,42.3,224.6,18.8,37.0,273.8,159.0,69.0,12.5,25.0,19.0,NS,2011,12,345,49
2011-12-19,1.10405,0.72,2.9000000000000004,0.0837,26.700000000000003,8180000.0,55.6,17050000.0,20.410000000000025,10.490000000000007,23.65000000000004,9.77000000000004,35.6,193.3,15.7,31.0,217.5,134.0,57.7,15.5,23.6,15.2,NS,2011,12,353,51
2011-12-27,-3.23187,0.86,5.1000000000000005,0.0715,25.200000000000003,12350000.0,41.6,20400000.0,20.21000000000004,12.310000000000002,21.750000000000057,11.590000000000032,37.6,217.4,12.4,32.5,263.5,148.70000000000002,63.900000000000006,13.0,26.0,3.2,S,2011,12,361,52
2012-01-01,-1.48608,0.88,5.0,0.0816,37.4,11430000.0,62.0,18960000.0,19.870000000000005,10.870000000000005,24.470000000000027,13.170000000000016,37.6,217.4,12.4,32.5,263.5,148.70000000000002,63.900000000000006,13.3,31.5,0.0,NS,2012,1,1,52
2012-01-09,-11.0587,0.88,5.6000000000000005,0.1092,38.1,11710000.0,61.1,18770000.0,17.970000000000027,8.970000000000027,14.410000000000023,8.510000000000048,37.5,232.1,10.5,31.9,271.5,140.1,58.5,12.5,20.9,2.2,S,2012,1,9,2
2012-01-17,-1.25285,0.87,5.2,0.0856,38.3,11710000.0,59.8,18260000.0,22.29000000000002,12.970000000000027,21.870000000000005,11.190000000000056,27.9,191.5,11.0,24.700000000000003,216.5,110.5,43.8,10.1,30.1,0.0,NS,2012,1,17,3
2012-01-25,-2.62096,0.4,1.1,0.086,36.6,11200000.0,55.8,17050000.0,18.610000000000014,0.0,20.65000000000004,0.0,17.8,197.6,6.6000000000000005,17.400000000000002,190.2,87.2,38.400000000000006,11.8,32.0,0.0,S,2012,1,25,4
2012-02-02,-0.856356,0.87,4.9,0.0922,34.4,10560000.0,55.900000000000006,17150000.0,19.83000000000004,10.650000000000034,19.970000000000027,10.810000000000002,37.6,271.0,13.5,36.2,267.7,146.5,57.400000000000006,11.5,23.0,0.0,NS,2012,2,33,5
2012-02-10,-0.130319,0.37,0.9,0.0875,33.800000000000004,10350000.0,53.6,16430000.0,19.390000000000043,10.79000000000002,0.0,10.210000000000036,140.0,380.4,118.3,140.0,353.0,229.8,135.8,10.5,23.6,6.4,NS,2012,2,41,6
2012-02-18,-4.29138,0.88,5.1000000000000005,0.0688,29.6,9060000.0,44.5,13610000.0,20.55000000000001,12.910000000000023,22.23000000000001,12.490000000000007,22.1,196.5,8.0,21.1,206.4,96.3,31.1,11.9,27.7,4.4,S,2012,2,49,7
2012-02-26,4.15049,0.03,0.1,0.0473,20.8,6380000.0,26.8,8240000.0,0.0,0.0,0.0,0.0,424.0,474.8,433.7000000000001,430.5,426.9,172.4,82.80000000000001,15.0,22.0,0.0,NS,2012,2,57,8
2012-03-05,-2.99012,0.89,5.800000000000001,0.0809,24.6,7570000.0,39.900000000000006,12260000.0,14.27000000000004,9.210000000000036,17.150000000000034,8.990000000000009,21.3,184.6,4.800000000000001,19.8,208.8,93.6,35.5,8.3,23.5,3.2,S,2012,3,65,10
2012-03-13,-1.98085,0.85,4.1000000000000005,0.079,25.5,7820000.0,40.7,12480000.0,17.010000000000048,10.670000000000016,17.870000000000005,9.150000000000034,19.3,204.4,5.7,20.4,209.6,88.7,29.6,10.6,27.0,0.0,S,2012,3,73,11
2012-03-21,-1.95517,0.86,4.6000000000000005,0.0639,20.3,6260000.0,32.0,9840000.0,14.930000000000009,6.130000000000052,19.13000000000005,4.350000000000023,21.700000000000003,191.0,4.6000000000000005,18.2,210.4,100.3,38.3,11.0,25.8,0.0,S,2012,3,81,12
2012-03-29,-0.343587,0.87,4.9,0.0729,24.700000000000003,7590000.0,38.5,11830000.0,14.590000000000032,10.27000000000004,15.07000000000005,9.410000000000023,23.700000000000003,198.0,2.5,19.3,218.3,106.2,40.2,5.5,23.0,0.2,NS,2012,3,89,13
2012-04-06,-1.6976,0.9,6.300000000000001,0.0599,20.6,6340000.0,28.6,8830000.0,12.350000000000025,4.130000000000052,11.150000000000034,3.930000000000007,19.6,201.3,3.6,17.900000000000002,214.0,93.5,33.2,11.0,26.0,0.0,NS,2012,4,97,14
2012-04-14,-3.94977,0.8200000000000001,2.8000000000000003,0.0487,14.3,4390000.0,24.9,7650000.0,14.79000000000002,9.110000000000014,14.630000000000052,8.590000000000032,26.1,209.8,9.1,20.6,209.9,103.5,37.7,2.5,19.2,0.0,S,2012,4,105,15
2012-04-22,1.84885,0.9,5.800000000000001,0.0361,9.6,2970000.0,16.5,5090000.0,10.670000000000016,5.350000000000023,10.510000000000048,5.03000000000003,16.900000000000002,223.3,5.7,16.400000000000002,203.5,89.5,24.200000000000003,8.5,20.0,1.0,NS,2012,4,113,16
2012-04-30,-2.66777,0.96,6.5,0.033,8.9,2750000.0,15.4,4770000.0,7.090000000000032,2.590000000000032,6.090000000000032,1.9300000000000068,20.700000000000003,220.7,6.6000000000000005,21.4,202.5,84.30000000000001,24.3,0.0,17.6,0.0,S,2012,4,121,18
2012-05-08,-1.01796,0.86,3.6,0.0344,9.4,2890000.0,16.7,5150000.0,6.110000000000014,2.510000000000048,7.630000000000052,2.2100000000000364,23.3,199.6,9.8,20.4,194.9,94.7,30.4,0.6,17.8,0.0,NS,2012,5,129,19
2012-05-16,-1.10604,0.85,3.3000000000000003,0.0368,9.4,2900000.0,15.2,4690000.0,7.270000000000039,1.8700000000000043,7.090000000000032,1.4500000000000457,22.200000000000003,181.1,7.6,19.4,172.5,78.7,26.1,-2.5,15.4,0.0,NS,2012,5,137,20
2012-05-24,2.41996,0.9,6.800000000000001,0.0229,9.6,2990000.0,11.2,3470000.0,6.830000000000041,1.5300000000000296,6.670000000000016,1.6900000000000546,18.5,208.0,6.800000000000001,15.9,184.8,82.4,23.1,5.6,12.7,0.0,NS,2012,5,145,21
2012-06-01,-1.6261,0.9,6.9,0.0202,9.8,3030000.0,11.0,3420000.0,4.7900000000000205,0.1100000000000136,4.310000000000002,-0.4499999999999886,26.4,261.3,9.8,26.200000000000003,233.3,103.8,34.9,0.0,15.0,1.0,NS,2012,6,153,22
2012-06-09,-0.255089,0.89,5.7,0.0255,10.5,3240000.0,12.6,3910000.0,5.330000000000041,1.0500000000000114,5.130000000000052,0.5300000000000296,21.0,193.8,7.0,18.9,200.8,77.0,25.6,-5.2,14.8,0.0,NS,2012,6,161,23
2012-06-17,0.389291,0.99,6.9,0.0133,6.4,1990000.0,7.4,2290000.0,2.1900000000000546,-1.0299999999999727,1.9700000000000275,-0.9699999999999704,22.3,213.7,4.6000000000000005,19.700000000000003,213.1,71.5,23.0,3.5,8.5,6.0,NS,2012,6,169,24
2012-06-25,-0.826915,0.9,5.5,0.0148,7.0,2180000.0,8.4,2600000.0,3.9700000000000273,1.150000000000034,4.310000000000002,0.0,36.5,379.0,11.5,37.9,281.2,111.8,33.4,1.8,10.0,0.6,NS,2012,6,177,26
2012-07-03,-1.68957,0.77,2.3000000000000003,0.0184,4.9,1530000.0,10.7,3320000.0,3.0300000000000296,-0.5699999999999932,2.8700000000000045,-1.329999999999984,26.1,239.8,5.800000000000001,23.700000000000003,208.6,74.3,23.6,0.2,10.3,0.8,NS,2012,7,185,27
2012-07-11,0.854472,0.9,6.1000000000000005,0.0197,8.8,2720000.0,10.7,3320000.0,3.650000000000034,-0.75,0.0,0.0,33.0,366.4,6.1000000000000005,32.5,293.40000000000003,115.1,35.2,7.0,12.0,36.2,NS,2012,7,193,28
2012-07-19,-2.34923,0.89,5.7,0.0258,9.9,3070000.0,13.5,4170000.0,5.590000000000032,1.2700000000000389,5.510000000000048,0.6100000000000136,22.0,177.5,6.7,18.8,194.3,76.0,28.6,-0.8,10.2,2.0,S,2012,7,201,29
2012-07-27,0.173012,0.9,5.7,0.0236,8.6,2680000.0,12.7,3930000.0,2.830000000000041,0.2100000000000363,3.1900000000000546,0.2300000000000182,27.1,230.7,7.9,25.1,216.3,95.9,32.0,3.0,10.0,1.4,NS,2012,7,209,30
2012-08-04,-15.2209,0.86,3.5,0.0268,8.200000000000001,2540000.0,14.9,4620000.0,3.510000000000048,0.2700000000000386,3.550000000000012,0.1700000000000159,29.9,239.3,8.700000000000001,29.1,215.5,66.60000000000001,19.4,0.0,11.2,0.4,S,2012,8,217,31
2012-08-12,-11.8901,0.85,5.0,0.0223,7.9,2440000.0,11.8,3670000.0,4.550000000000011,0.9500000000000456,6.8700000000000045,0.6100000000000136,21.4,182.4,4.7,17.3,199.9,81.2,28.700000000000003,-2.5,15.0,0.0,S,2012,8,225,32
2012-08-20,-25.8978,0.86,3.8,0.0296,9.0,2790000.0,15.1,4700000.0,5.250000000000057,-0.75,0.0,-1.0499999999999543,43.900000000000006,320.90000000000003,13.9,39.400000000000006,247.7,101.6,31.200000000000003,-1.0,11.2,0.0,S,2012,8,233,34
2012-08-28,-9.54216,0.78,3.0,0.0374,10.8,3360000.0,22.9,7110000.0,9.430000000000009,2.07000000000005,9.29000000000002,1.5500000000000114,26.3,186.0,9.6,21.8,188.8,99.3,37.5,-2.5,14.5,0.0,S,2012,8,241,35
2012-09-05,-18.4805,0.9,5.800000000000001,0.0403,11.7,3630000.0,23.700000000000003,7320000.0,9.03000000000003,3.2100000000000364,10.870000000000005,2.8500000000000227,22.200000000000003,192.9,4.7,19.9,212.7,98.0,35.300000000000004,4.2,19.9,0.0,S,2012,9,249,36
2012-09-13,-2.63552,0.73,2.6,0.0474,14.1,4360000.0,28.8,8910000.0,8.850000000000023,2.450000000000045,10.930000000000009,2.1100000000000136,31.6,186.8,11.2,26.8,198.7,109.3,42.400000000000006,2.8,12.5,3.2,S,2012,9,257,37
2012-09-21,-0.0148405,0.81,3.5,0.0559,16.2,5010000.0,32.2,9940000.0,12.470000000000027,3.470000000000028,11.850000000000025,2.7900000000000205,31.5,175.10000000000002,13.6,26.6,197.8,117.2,50.6,10.0,16.2,0.0,NS,2012,9,265,38
2012-09-29,-3.58903,0.84,3.9,0.0638,18.6,5750000.0,36.5,11270000.0,13.310000000000002,4.8700000000000045,15.210000000000036,4.730000000000018,35.800000000000004,190.0,16.1,31.4,210.7,128.0,55.3,6.0,10.8,22.2,S,2012,9,273,39
2012-10-07,-17.983,0.86,5.300000000000001,0.0565,16.8,5200000.0,36.7,11350000.0,9.07000000000005,2.8500000000000227,8.770000000000039,3.57000000000005,58.5,305.40000000000003,46.400000000000006,58.900000000000006,314.0,151.5,60.900000000000006,0.5,16.0,17.0,S,2012,10,281,40
2012-10-15,-3.20755,0.66,2.4000000000000004,0.0628,16.400000000000002,5050000.0,48.8,15030000.0,13.53000000000003,3.750000000000057,16.630000000000052,3.1300000000000523,31.0,174.4,8.0,24.6,215.0,120.7,55.7,3.5,22.2,0.0,S,2012,10,289,42
2012-10-23,-10.3356,0.85,4.800000000000001,0.092,29.1,8960000.0,52.2,16070000.0,17.77000000000004,6.110000000000014,17.850000000000023,5.410000000000025,41.0,181.4,16.1,33.5,236.0,144.5,68.5,-1.5,20.5,0.0,S,2012,10,297,43
2012-10-31,-0.390863,0.73,3.1,0.057,18.9,5820000.0,39.8,12240000.0,14.33000000000004,7.330000000000041,18.670000000000016,7.310000000000002,42.400000000000006,202.5,16.5,34.800000000000004,256.7,154.4,74.5,9.0,28.5,0.0,NS,2012,10,305,44
2012-11-08,-3.67131,0.8200000000000001,4.2,0.1016,30.200000000000003,9310000.0,57.1,17570000.0,17.970000000000027,7.53000000000003,20.07000000000005,7.210000000000036,43.2,214.2,17.2,35.6,244.7,162.20000000000002,72.10000000000001,12.8,23.0,58.0,S,2012,11,313,45
2012-11-16,-2.03431,0.8200000000000001,4.2,0.1036,31.5,9700000.0,58.3,17930000.0,20.110000000000014,7.850000000000023,20.390000000000043,7.390000000000043,41.900000000000006,230.0,16.8,34.1,280.6,161.5,73.0,10.0,24.0,0.0,S,2012,11,321,46
2012-11-24,-3.68778,0.87,5.2,0.0819,35.7,10920000.0,54.2,16590000.0,23.870000000000005,13.130000000000052,27.05000000000001,12.850000000000025,42.400000000000006,192.2,17.900000000000002,35.2,245.1,149.8,67.4,9.5,29.0,0.0,S,2012,11,329,47
2012-12-02,-4.00594,0.85,4.9,0.1044,34.2,10520000.0,60.1,18480000.0,20.03000000000003,6.53000000000003,20.77000000000004,6.170000000000016,29.4,193.2,10.7,24.200000000000003,225.3,124.7,48.5,15.5,25.5,1.0,S,2012,12,337,48
2012-12-10,-5.92787,0.8,4.0,0.0902,30.5,9350000.0,55.8,17110000.0,23.57000000000005,9.870000000000005,23.670000000000016,8.970000000000027,43.3,220.4,18.2,38.1,247.0,153.8,67.9,9.0,26.8,0.0,S,2012,12,345,50
2012-12-18,-2.86896,0.87,5.2,0.1076,40.6,12450000.0,65.60000000000001,20100000.0,20.170000000000016,12.490000000000007,21.970000000000027,12.27000000000004,31.6,182.0,13.4,27.200000000000003,218.5,121.8,51.7,7.0,27.0,0.0,S,2012,12,353,51
2012-12-26,-3.19677,0.86,5.0,0.0815,30.3,12390000.0,51.400000000000006,21000000.0,21.390000000000043,11.470000000000027,22.350000000000023,10.79000000000002,38.3,201.1,16.0,32.300000000000004,244.4,136.4,61.2,9.0,25.8,0.4,S,2012,12,361,52
2013-01-01,-1.53056,0.87,5.300000000000001,0.0622,41.900000000000006,12770000.0,75.2,22920000.0,26.99000000000001,17.07000000000005,28.07000000000005,16.970000000000027,40.8,229.4,15.4,35.800000000000004,256.90000000000003,145.9,60.400000000000006,10.0,31.5,0.0,NS,2013,1,1,1
2013-01-09,-0.319659,0.88,5.7,0.081,38.1,11650000.0,61.2,18720000.0,20.63000000000005,14.910000000000023,20.63000000000005,13.130000000000052,44.1,261.3,16.900000000000002,39.5,279.90000000000003,144.6,61.8,10.0,24.7,0.0,NS,2013,1,9,2
2013-01-17,0.465591,0.89,5.6000000000000005,0.0693,41.2,12570000.0,68.4,20850000.0,24.71000000000004,14.130000000000052,26.450000000000045,13.670000000000016,38.900000000000006,237.9,15.2,33.5,256.2,132.9,49.400000000000006,11.4,36.5,0.0,NS,2013,1,17,3
2013-01-25,-4.47742,0.86,5.0,0.0816,35.9,10980000.0,59.6,18240000.0,21.950000000000045,13.630000000000052,23.13000000000005,13.550000000000011,41.8,261.90000000000003,16.900000000000002,37.2,253.1,142.3,59.3,15.0,30.5,0.0,S,2013,1,25,4
2013-02-02,-9.26333,0.89,5.6000000000000005,0.0772,39.7,12130000.0,65.5,20010000.0,23.510000000000048,13.150000000000034,23.69000000000005,13.050000000000011,40.5,240.3,15.3,34.800000000000004,241.8,135.8,56.1,9.5,24.0,1.0,S,2013,2,33,5
2013-02-10,1.03574,0.89,5.7,0.0818,37.6,11510000.0,56.2,17190000.0,20.65000000000004,12.490000000000007,22.110000000000014,12.470000000000027,33.5,222.7,8.5,27.4,239.4,120.8,46.5,17.0,31.0,0.0,NS,2013,2,41,6
2013-02-18,-6.65092,0.85,4.7,0.0737,32.6,9980000.0,49.0,14980000.0,20.850000000000023,0.0,21.71000000000004,0.0,38.0,246.5,13.4,32.300000000000004,256.0,129.70000000000002,49.0,14.0,30.5,0.0,S,2013,2,49,8
2013-02-26,3.00644,0.87,4.800000000000001,0.0779,25.8,7940000.0,39.3,12080000.0,16.190000000000055,9.77000000000004,16.430000000000007,9.390000000000043,27.8,207.7,8.9,26.1,193.1,100.2,37.5,15.7,27.5,0.0,NS,2013,2,57,9
2013-03-06,-0.333368,0.71,2.3000000000000003,0.0607,18.2,5580000.0,48.0,14670000.0,21.49000000000001,13.590000000000032,22.110000000000014,13.970000000000027,25.8,204.6,8.5,23.200000000000003,205.9,104.1,35.1,10.0,28.7,0.0,NS,2013,3,65,10
2013-03-14,-4.53562,0.89,5.7,0.0747,27.3,8400000.0,39.400000000000006,12110000.0,15.690000000000056,7.53000000000003,14.730000000000018,7.050000000000011,41.5,228.4,18.9,36.0,219.5,118.3,51.5,15.9,28.0,0.0,S,2013,3,73,11
2013-03-22,1.58842,0.89,5.6000000000000005,0.0703,25.6,7850000.0,38.2,11730000.0,15.230000000000018,9.250000000000057,15.970000000000027,8.79000000000002,27.1,206.8,9.8,24.0,194.5,101.4,39.1,9.4,21.5,28.6,NS,2013,3,81,12
2013-03-30,-4.99655,0.89,5.0,0.0652,20.6,6350000.0,28.700000000000003,8820000.0,14.29000000000002,7.330000000000041,14.610000000000014,6.810000000000002,29.200000000000003,215.3,6.5,23.4,219.5,103.9,40.7,4.0,20.0,0.0,S,2013,3,89,13
2013-04-07,-2.74291,0.8300000000000001,3.7,0.0575,18.2,5580000.0,32.5,9980000.0,15.410000000000023,9.170000000000016,16.250000000000057,8.390000000000043,25.3,228.9,7.300000000000001,22.0,228.9,104.6,29.5,4.5,22.5,0.0,S,2013,4,97,14
2013-04-15,0.425644,0.85,3.4000000000000004,0.0479,12.9,4000000.0,20.4,6290000.0,9.430000000000009,5.3700000000000045,9.410000000000023,4.830000000000041,28.0,243.4,8.8,26.4,236.7,103.5,35.9,13.2,22.0,2.6,NS,2013,4,105,16
2013-04-23,0.86518,0.9,5.800000000000001,0.051,16.7,5150000.0,22.0,6780000.0,11.190000000000056,5.670000000000016,11.77000000000004,3.550000000000012,24.8,217.0,7.9,21.9,202.3,94.8,36.4,8.0,15.1,0.6,NS,2013,4,113,17
2013-05-01,-1.45966,0.93,6.2,0.039,13.9,4310000.0,17.2,5300000.0,8.890000000000043,2.8100000000000023,8.410000000000025,3.010000000000048,20.8,197.8,6.300000000000001,18.2,199.6,79.5,30.9,6.5,16.4,0.2,NS,2013,5,121,18
2013-05-09,-5.95823,0.89,5.7,0.0309,12.3,3800000.0,14.9,4600000.0,12.690000000000056,7.190000000000055,12.77000000000004,6.53000000000003,21.1,202.2,6.2,16.5,203.8,87.4,31.5,1.2,20.2,0.0,S,2013,5,129,19
2013-05-17,6.97333,0.9,6.9,0.0248,10.6,3280000.0,12.1,3760000.0,6.770000000000039,2.050000000000012,6.350000000000023,1.8100000000000025,27.1,294.8,3.7,27.0,270.7,102.2,26.9,5.0,9.5,9.4,NS,2013,5,137,20
2013-05-25,-2.19543,0.91,5.9,0.0249,10.5,3260000.0,12.1,3730000.0,7.870000000000003,2.830000000000041,7.630000000000052,2.1900000000000546,17.900000000000002,194.9,6.1000000000000005,15.3,166.60000000000002,76.3,23.1,-3.5,15.8,0.0,S,2013,5,145,21
2013-06-02,0.173458,0.89,5.800000000000001,0.0259,10.4,3220000.0,12.4,3830000.0,5.03000000000003,1.6300000000000523,4.650000000000034,1.1100000000000136,16.5,203.0,5.5,15.5,175.70000000000002,72.3,19.6,8.5,14.0,46.4,NS,2013,6,153,22
2013-06-10,-0.110953,0.9,6.800000000000001,0.0187,8.9,2750000.0,10.6,3300000.0,4.510000000000048,0.6500000000000341,5.57000000000005,0.410000000000025,24.6,261.2,7.0,24.4,213.0,87.30000000000001,23.4,-0.5,13.6,0.0,NS,2013,6,161,24
2013-06-18,0.489355,0.91,5.9,0.0232,9.0,2800000.0,11.2,3480000.0,3.770000000000039,0.5900000000000318,3.6100000000000136,0.4700000000000273,18.3,174.60000000000002,7.1000000000000005,13.9,162.4,64.0,21.200000000000003,0.0,12.0,0.6,NS,2013,6,169,25
2013-06-26,-1.58808,0.91,5.9,0.0227,7.5,2320000.0,10.5,3240000.0,7.07000000000005,1.7900000000000205,7.29000000000002,0.7500000000000568,20.0,208.6,2.3000000000000003,17.1,206.5,82.10000000000001,28.3,1.5,16.3,0.0,NS,2013,6,177,26
2013-07-04,2.71065,0.85,3.4000000000000004,0.0184,6.6000000000000005,2050000.0,9.2,2860000.0,2.6300000000000523,1.2300000000000182,1.8100000000000025,0.6100000000000136,21.700000000000003,189.0,6.300000000000001,18.2,158.5,63.7,20.9,2.0,11.5,0.2,NS,2013,7,185,27
2013-07-12,-2.86838,0.7000000000000001,1.8,0.0184,6.5,2000000.0,7.9,2440000.0,6.990000000000009,0.0,0.0,0.0,79.4,210.2,81.10000000000001,80.0,214.0,127.4,81.80000000000001,-2.7,15.3,0.0,S,2013,7,193,28
2013-07-20,-0.437086,0.86,3.8,0.0216,6.7,2070000.0,9.7,3010000.0,5.270000000000039,0.07000000000005,5.110000000000014,-0.3899999999999863,45.0,327.20000000000005,8.4,46.7,205.2,75.5,17.2,6.4,9.2,14.4,NS,2013,7,201,29
2013-07-28,-2.77506,0.32,0.5,0.022,8.3,2590000.0,10.9,3380000.0,6.4500000000000455,3.430000000000007,4.970000000000027,2.590000000000032,23.700000000000003,186.9,6.6000000000000005,21.0,172.70000000000002,79.80000000000001,26.200000000000003,-1.1,14.5,0.0,S,2013,7,209,30
2013-08-05,0.735007,0.9,5.800000000000001,0.0237,10.3,3210000.0,13.3,4140000.0,6.010000000000048,1.1100000000000136,5.810000000000002,0.5100000000000477,23.200000000000003,151.70000000000002,4.4,18.9,147.6,67.8,36.9,4.5,9.5,1.0,NS,2013,8,217,32
2013-08-13,-0.180459,0.9,6.9,0.031,13.2,4090000.0,17.900000000000002,5560000.0,4.090000000000032,0.0,5.650000000000034,0.0,32.7,332.70000000000005,7.6,35.7,272.1,113.5,33.5,2.6,11.4,9.0,NS,2013,8,225,33
2013-08-21,-1.76846,0.86,5.2,0.0305,12.0,3700000.0,15.1,4690000.0,10.210000000000036,2.8500000000000227,10.110000000000014,2.0300000000000296,21.9,174.60000000000002,5.7,18.6,143.8,61.6,19.3,0.6,7.8,1.6,S,2013,8,233,34
2013-08-29,-0.138571,0.9,5.800000000000001,0.0647,21.3,6550000.0,29.4,9050000.0,13.410000000000023,7.57000000000005,13.390000000000043,6.710000000000036,28.4,198.7,9.7,25.9,216.2,101.2,38.900000000000006,1.5699999999999998,19.1,1.4,NS,2013,8,241,35
2013-09-06,-4.20619,0.84,4.800000000000001,0.046,15.6,4840000.0,24.8,7680000.0,9.250000000000057,3.930000000000007,13.470000000000027,3.5300000000000296,26.6,210.4,3.7,22.0,221.0,114.4,48.8,8.8,21.1,0.0,S,2013,9,249,36
2013-09-14,-4.29863,0.8,3.3000000000000003,0.0396,12.6,3910000.0,21.1,6520000.0,9.430000000000009,3.490000000000009,8.930000000000007,3.1100000000000136,29.3,324.1,4.1000000000000005,30.0,306.1,121.1,38.400000000000006,3.5,16.5,10.0,S,2013,9,257,37
2013-09-22,-2.79785,0.84,4.0,0.0697,19.9,6140000.0,35.9,11080000.0,14.29000000000002,5.03000000000003,12.57000000000005,5.330000000000041,32.9,190.7,14.2,29.0,198.4,120.6,49.2,1.1,18.2,0.0,S,2013,9,265,38
2013-09-30,-4.67144,0.84,4.0,0.0616,18.3,5640000.0,35.1,10840000.0,13.730000000000018,3.590000000000032,14.110000000000014,3.650000000000034,32.300000000000004,193.7,11.5,28.4,221.7,111.6,45.0,5.5,24.1,0.0,S,2013,9,273,40
2013-10-08,-4.94213,0.86,4.5,0.0823,24.0,7400000.0,45.1,13920000.0,16.05000000000001,4.990000000000009,17.390000000000043,5.990000000000009,35.0,192.5,15.4,30.1,208.9,125.5,53.7,1.5,19.4,0.0,S,2013,10,281,41
2013-10-16,-6.87021,0.76,3.5,0.065,20.200000000000003,6220000.0,42.400000000000006,13070000.0,16.210000000000036,7.250000000000057,16.55000000000001,4.610000000000014,33.0,181.9,13.5,27.200000000000003,200.7,123.1,52.1,2.5,22.5,0.0,S,2013,10,289,42
2013-10-24,-3.69202,0.8300000000000001,4.3,0.0835,25.0,7710000.0,48.5,14960000.0,15.350000000000025,3.870000000000005,15.470000000000027,3.410000000000025,27.8,173.8,11.1,23.5,183.4,108.5,43.3,5.6,13.0,5.8,S,2013,10,297,43
2013-11-01,-3.67195,0.85,4.1000000000000005,0.0856,28.200000000000003,8680000.0,55.400000000000006,17030000.0,19.350000000000023,7.150000000000034,19.63000000000005,6.710000000000036,40.5,201.6,15.0,33.0,255.8,153.0,72.8,5.0,24.2,0.0,S,2013,11,305,44
2013-11-09,-5.04462,0.6900000000000001,2.7,0.0648,18.9,5830000.0,41.8,12910000.0,15.150000000000034,4.150000000000034,12.190000000000056,3.750000000000057,28.700000000000003,194.5,12.2,23.200000000000003,208.8,126.0,51.2,8.7,19.2,3.4,S,2013,11,313,45
2013-11-17,-3.41237,0.8,4.1000000000000005,0.0926,27.8,8560000.0,57.3,17620000.0,17.79000000000002,8.870000000000005,20.590000000000032,8.830000000000041,34.800000000000004,176.3,15.3,28.4,221.2,132.0,60.2,4.1,23.5,1.6,S,2013,11,321,46
2013-11-25,-6.70631,0.84,4.6000000000000005,0.1069,35.800000000000004,10990000.0,65.10000000000001,20000000.0,18.970000000000027,8.750000000000057,21.350000000000023,8.010000000000048,29.700000000000003,176.60000000000002,12.6,25.1,209.3,119.4,51.5,7.0,24.4,0.0,S,2013,11,329,48
2013-12-03,-0.287888,0.6900000000000001,2.9000000000000004,0.0754,22.200000000000003,6840000.0,60.6,18620000.0,19.53000000000003,5.850000000000023,20.450000000000045,8.07000000000005,20.9,147.4,8.200000000000001,17.2,154.60000000000002,84.5,32.5,13.0,32.6,0.0,NS,2013,12,337,49
2013-12-11,-5.43495,0.85,4.9,0.1021,39.0,11950000.0,67.5,20690000.0,22.13000000000005,10.890000000000043,22.73000000000001,10.33000000000004,39.8,193.7,20.4,33.5,210.2,134.20000000000002,60.900000000000006,6.4,21.0,0.0,S,2013,12,345,50
2013-12-19,-4.02606,0.74,3.1,0.0616,29.1,8870000.0,62.5,19070000.0,25.27000000000004,10.750000000000057,25.890000000000043,9.79000000000002,34.6,184.7,14.0,29.0,221.8,132.5,51.2,15.1,35.0,0.0,S,2013,12,353,51
2013-12-27,-0.658815,0.7000000000000001,2.8000000000000003,0.0434,16.0,7820000.0,45.5,22290000.0,23.090000000000032,13.410000000000023,23.21000000000004,11.390000000000043,40.7,192.8,16.2,33.300000000000004,215.9,144.70000000000002,63.6,9.1,29.5,1.4,NS,2013,12,361,52
2014-01-01,3.85578,0.73,3.1,0.0779,23.6,7240000.0,57.900000000000006,17790000.0,18.71000000000004,9.650000000000034,19.05000000000001,8.870000000000005,45.0,201.1,18.5,37.0,222.6,140.3,69.7,10.1,24.5,0.0,NS,2014,1,1,1
2014-01-09,-5.19385,0.88,5.6000000000000005,0.0473,31.6,9630000.0,68.10000000000001,20730000.0,25.23000000000001,17.410000000000025,25.930000000000007,17.850000000000023,39.3,196.9,16.6,32.2,230.6,139.0,55.7,11.2,26.0,0.0,S,2014,1,9,2
2014-01-17,-2.43424,0.88,5.9,0.0582,32.4,9900000.0,58.1,17720000.0,26.69000000000005,14.550000000000011,28.170000000000016,15.430000000000009,45.1,240.4,14.5,38.1,273.90000000000003,162.10000000000002,64.2,14.0,39.3,0.0,S,2014,1,17,3
2014-01-25,-2.49336,0.86,5.1000000000000005,0.0652,36.9,11250000.0,71.4,21770000.0,25.19000000000005,16.010000000000048,26.510000000000048,15.990000000000007,33.7,199.1,12.1,27.0,218.5,126.0,49.6,10.0,24.8,32.4,S,2014,1,25,4
2014-02-02,-3.28457,0.88,5.300000000000001,0.0545,36.1,10990000.0,67.9,20670000.0,25.19000000000005,16.77000000000004,26.470000000000027,15.730000000000018,41.2,221.6,14.5,35.4,233.8,142.1,59.400000000000006,16.8,39.0,0.0,S,2014,2,33,5
2014-02-10,-1.16789,0.87,4.6000000000000005,0.0638,29.3,8950000.0,47.1,14370000.0,20.65000000000004,13.450000000000044,21.33000000000004,12.390000000000043,43.400000000000006,270.90000000000003,14.9,41.6,286.0,148.20000000000002,55.6,14.0,36.3,0.0,NS,2014,2,41,7
2014-02-18,-3.48281,0.8,3.4000000000000004,0.0823,26.700000000000003,8170000.0,56.900000000000006,17440000.0,20.110000000000014,11.250000000000057,19.950000000000045,10.83000000000004,36.3,220.4,14.3,31.6,232.9,119.1,45.0,15.2,29.5,0.0,S,2014,2,49,8
2014-02-26,2.17275,0.87,4.800000000000001,0.0703,27.1,8310000.0,40.7,12470000.0,19.410000000000025,12.230000000000018,19.350000000000023,11.710000000000036,33.7,347.70000000000005,2.0,34.1,309.90000000000003,123.4,35.300000000000004,17.6,25.7,0.8,NS,2014,2,57,9
2014-03-06,1.06403,0.88,5.2,0.0737,30.1,9220000.0,45.2,13830000.0,19.21000000000004,12.470000000000027,20.03000000000003,11.850000000000025,38.5,277.2,13.4,38.2,255.1,131.9,54.5,12.7,27.5,0.4,NS,2014,3,65,10
2014-03-14,-1.3272,0.88,5.4,0.0729,26.8,8220000.0,38.7,11880000.0,17.510000000000048,10.110000000000014,19.390000000000043,9.870000000000005,27.6,196.2,10.2,22.5,197.5,107.8,42.2,11.5,27.1,0.0,NS,2014,3,73,11
2014-03-22,0.889125,0.13,0.2,0.0537,21.6,6620000.0,27.5,8440000.0,0.0,10.970000000000027,0.0,10.950000000000044,130.20000000000002,223.8,130.1,131.9,233.6,158.4,113.9,11.4,23.5,14.4,NS,2014,3,81,12
2014-03-30,1.00679,0.9,6.9,0.0527,22.700000000000003,6960000.0,28.9,8880000.0,14.27000000000004,8.53000000000003,13.29000000000002,7.510000000000048,32.5,307.1,6.4,32.800000000000004,277.3,118.8,36.7,10.2,21.0,0.2,NS,2014,3,89,13
2014-04-07,-2.90545,0.75,2.8000000000000003,0.0422,12.8,3950000.0,22.8,7030000.0,12.29000000000002,7.210000000000036,12.79000000000002,6.490000000000009,23.4,193.1,3.5,20.4,207.0,100.6,34.7,7.8,22.0,0.0,S,2014,4,97,15
2014-04-15,-3.90398,0.8,2.6,0.0492,11.6,3570000.0,23.9,7390000.0,10.970000000000027,5.310000000000002,10.750000000000057,4.57000000000005,28.1,183.5,9.8,24.4,186.7,96.8,50.400000000000006,3.0,19.7,0.0,S,2014,4,105,16
2014-04-23,2.14944,0.65,1.6,0.0441,11.9,3660000.0,20.3,6270000.0,12.750000000000057,5.010000000000048,12.050000000000011,4.350000000000023,27.6,272.8,7.5,27.5,256.0,98.5,33.5,9.1,19.5,2.2,NS,2014,4,113,17
2014-05-01,-1.7714,0.93,6.2,0.0299,8.8,2730000.0,14.9,4610000.0,8.07000000000005,2.050000000000012,8.270000000000039,1.490000000000009,21.8,175.8,8.200000000000001,16.6,169.60000000000002,78.2,24.200000000000003,-0.5,15.5,0.2,S,2014,5,121,18
2014-05-09,-3.17037,0.89,5.800000000000001,0.0399,11.1,3420000.0,16.400000000000002,5070000.0,9.990000000000007,4.710000000000036,9.930000000000009,3.8100000000000014,25.3,193.0,8.4,22.1,197.6,101.2,32.300000000000004,-1.0,16.9,0.0,S,2014,5,129,19
2014-05-17,-4.11128,0.86,5.300000000000001,0.0326,11.2,3460000.0,14.1,4340000.0,12.03000000000003,6.930000000000007,12.970000000000027,6.090000000000032,20.1,193.1,3.3000000000000003,19.200000000000003,192.6,79.80000000000001,20.8,3.5,19.5,0.0,S,2014,5,137,20
2014-05-25,-0.712025,0.88,4.5,0.0238,8.700000000000001,2690000.0,10.2,3160000.0,8.850000000000023,3.770000000000039,10.370000000000005,2.990000000000009,61.6,349.70000000000005,34.9,60.3,290.90000000000003,147.20000000000002,68.7,4.0,17.0,0.4,NS,2014,5,145,21
2014-06-02,2.5644,0.88,5.6000000000000005,0.0237,8.5,2640000.0,10.8,3340000.0,6.750000000000057,2.550000000000012,6.830000000000041,2.1900000000000546,23.5,172.70000000000002,6.5,18.2,168.5,85.4,24.0,5.0,12.3,7.0,NS,2014,6,153,23
2014-06-10,-3.80798,0.9,6.6000000000000005,0.0201,8.8,2740000.0,10.3,3190000.0,5.990000000000009,2.010000000000048,5.690000000000055,2.010000000000048,35.9,326.3,13.0,36.4,302.6,109.9,39.0,-1.5,14.7,0.0,S,2014,6,161,24
2014-06-18,-3.84194,0.9,6.9,0.0183,8.6,2680000.0,9.5,2940000.0,7.190000000000055,2.1900000000000546,7.710000000000036,1.4500000000000457,28.8,291.0,11.9,30.1,272.2,94.7,26.9,-1.0,12.9,0.0,S,2014,6,169,25
2014-06-26,1.30805,0.88,4.7,0.0117,5.0,1550000.0,6.2,1920000.0,5.230000000000018,1.0500000000000114,5.550000000000011,0.8900000000000432,72.60000000000001,283.6,62.7,72.3,158.9,60.400000000000006,16.8,5.7,9.5,8.4,NS,2014,6,177,26
2014-07-04,-4.03545,0.03,0.1,0.0115,5.2,1610000.0,6.2,1930000.0,4.910000000000025,-1.7699999999999818,4.53000000000003,-2.109999999999957,38.400000000000006,308.8,7.1000000000000005,32.800000000000004,204.1,78.60000000000001,23.8,-2.0,12.1,0.0,S,2014,7,185,27
2014-07-12,-1.33595,0.88,4.9,0.0151,6.1000000000000005,1900000.0,8.5,2650000.0,1.6100000000000136,-0.25,1.4500000000000457,0.3700000000000045,34.9,299.8,9.0,34.1,236.6,93.7,27.3,4.3,8.0,1.6,NS,2014,7,193,28
2014-07-20,-2.93576,0.86,5.1000000000000005,0.0255,9.0,2810000.0,11.8,3650000.0,6.250000000000057,0.9700000000000272,5.650000000000034,0.410000000000025,31.4,280.0,6.4,28.6,197.4,77.10000000000001,13.1,-5.5,11.8,0.2,S,2014,7,201,29
2014-07-28,-2.63649,0.89,5.7,0.0226,9.1,2840000.0,12.8,3970000.0,4.770000000000039,-0.3299999999999841,5.490000000000009,-1.8099999999999448,19.0,211.3,3.7,18.6,205.9,77.60000000000001,23.700000000000003,2.0,12.2,0.0,S,2014,7,209,31
2014-08-05,-1.84646,0.89,5.7,0.0223,7.5,2320000.0,12.8,3960000.0,3.710000000000037,-0.5699999999999932,4.990000000000009,-1.0699999999999932,23.200000000000003,185.4,7.6,17.7,173.0,87.60000000000001,28.3,-5.2,11.8,0.2,S,2014,8,217,32
2014-08-13,-2.49917,0.81,2.6,0.0282,7.1000000000000005,2210000.0,15.3,4750000.0,7.190000000000055,0.9700000000000272,7.190000000000055,0.5300000000000296,34.2,197.3,11.6,26.700000000000003,207.1,119.3,50.400000000000006,-4.0,12.2,0.0,S,2014,8,225,33
2014-08-21,-2.52909,0.81,2.7,0.0417,10.2,3170000.0,22.1,6830000.0,9.29000000000002,2.250000000000057,9.27000000000004,1.7700000000000389,27.5,183.9,10.8,21.200000000000003,184.0,105.5,40.900000000000006,-3.0,15.7,0.0,S,2014,8,233,34
2014-08-29,-2.4901,0.84,3.0,0.0399,10.6,3280000.0,23.700000000000003,7340000.0,9.550000000000011,1.4700000000000273,9.470000000000027,1.1900000000000546,30.5,198.6,9.0,23.200000000000003,229.0,111.1,45.2,-2.0,17.8,0.0,S,2014,8,241,35
2014-09-06,-6.76658,0.8,3.4000000000000004,0.0491,13.9,4300000.0,26.1,8060000.0,9.970000000000027,3.450000000000045,10.170000000000016,3.010000000000048,33.2,181.6,12.7,26.4,189.5,110.7,45.2,-1.6,17.2,0.0,S,2014,9,249,36
2014-09-14,-6.96386,0.78,3.1,0.0456,13.0,4020000.0,28.200000000000003,8720000.0,11.730000000000018,2.1900000000000546,12.130000000000052,1.990000000000009,38.400000000000006,195.6,14.1,30.1,241.7,136.3,66.5,-0.9,18.0,0.0,S,2014,9,257,37
2014-09-22,-2.73193,0.81,3.5,0.0657,18.3,5630000.0,35.0,10800000.0,16.690000000000055,6.250000000000057,16.630000000000052,5.550000000000011,37.2,229.9,10.3,30.9,263.3,137.70000000000002,63.1,0.0,19.7,0.0,S,2014,9,265,39
2014-09-30,-1.45528,0.8300000000000001,3.8,0.074,21.200000000000003,6520000.0,42.2,13030000.0,17.730000000000018,4.170000000000016,18.71000000000004,3.890000000000043,39.3,179.10000000000002,16.900000000000002,31.4,225.9,143.20000000000002,69.4,5.5,22.5,0.0,NS,2014,9,273,40
2014-10-08,-3.09447,0.85,4.0,0.076,22.700000000000003,6980000.0,42.0,12940000.0,16.090000000000032,5.770000000000039,15.450000000000044,5.190000000000055,29.3,181.6,8.700000000000001,23.6,213.5,119.8,50.7,2.4,17.0,0.0,S,2014,10,281,41
2014-10-16,-5.08696,0.8,3.4000000000000004,0.0864,24.700000000000003,7600000.0,51.5,15830000.0,18.13000000000005,5.730000000000018,19.350000000000023,5.210000000000036,48.2,200.6,21.200000000000003,39.5,259.3,168.20000000000002,82.30000000000001,0.0,16.0,0.0,S,2014,10,289,42
2014-10-24,-1.27914,0.72,3.0,0.0721,22.0,6770000.0,50.7,15570000.0,19.13000000000005,7.930000000000007,18.77000000000004,7.230000000000018,43.6,200.0,19.6,35.800000000000004,228.7,157.4,78.80000000000001,17.0,28.5,1.4,NS,2014,10,297,43
2014-11-01,3.58491,0.8300000000000001,4.4,0.0909,29.0,8920000.0,54.0,16620000.0,17.810000000000002,6.250000000000057,18.19000000000005,5.910000000000025,51.3,221.0,20.0,40.1,278.40000000000003,178.0,86.9,16.7,21.7,0.0,NS,2014,11,305,44
2014-11-09,5.09596,0.86,4.9,0.0881,32.5,9960000.0,53.5,16390000.0,21.29000000000002,9.230000000000018,23.930000000000007,8.390000000000043,38.400000000000006,184.9,17.1,31.1,217.4,143.0,64.7,8.5,31.0,0.0,NS,2014,11,313,45
2014-11-17,-5.84859,0.86,4.9,0.0952,35.1,10770000.0,60.3,18480000.0,21.71000000000004,7.990000000000009,21.99000000000001,8.470000000000027,44.900000000000006,192.9,17.1,33.300000000000004,252.8,164.0,78.2,5.5,20.1,0.2,S,2014,11,321,47
2014-11-25,-2.86115,0.86,4.800000000000001,0.1059,36.2,11090000.0,60.5,18550000.0,20.73000000000001,10.510000000000048,22.03000000000003,9.850000000000025,48.0,209.0,16.3,36.0,262.1,162.4,76.80000000000001,7.8,20.3,29.2,S,2014,11,329,48
2014-12-03,1.99889,0.86,5.0,0.0913,33.1,10150000.0,51.900000000000006,15920000.0,19.77000000000004,11.650000000000034,21.110000000000014,10.850000000000025,135.5,234.3,125.5,129.9,244.0,199.4,122.6,11.1,24.5,0.0,NS,2014,12,337,49
2014-12-11,-0.377893,0.68,2.6,0.086,24.1,7380000.0,68.0,20870000.0,21.49000000000001,9.130000000000052,21.53000000000003,8.230000000000018,47.900000000000006,194.4,20.5,38.8,259.7,168.70000000000002,88.80000000000001,13.1,23.5,9.2,NS,2014,12,345,50
2014-12-19,-3.76296,0.8300000000000001,4.3,0.0976,34.6,10590000.0,63.5,19470000.0,20.71000000000004,11.110000000000014,20.890000000000043,9.450000000000044,46.1,224.2,20.5,38.900000000000006,273.7,166.9,83.9,6.0,24.0,0.0,S,2014,12,353,51
2014-12-27,-3.43555,0.87,5.4,0.0647,25.200000000000003,12380000.0,41.8,20490000.0,18.07000000000005,10.250000000000057,18.19000000000005,10.03000000000003,46.7,203.4,18.9,36.3,252.2,163.0,80.4,6.9,26.3,0.0,S,2014,12,361,52
